date_of_sales,day_of_week,month_id,year_of_sales,total_revenue,total_cost_of_sales,total_units_sold,number_of_sales,cost_of_sales,units_sold
2013-12-30,Mon,Dec,2013,223937.9679,230079.621,6827,1,230079.621,6827
2013-12-31,Tue,Dec,2013,300345.4846,306986.1205,9268,1,306986.1205,9268
2014-01-01,Wed,Jan,2014,86782.46773,87986.31821,2678,1,87986.31821,2678
2014-01-02,Thu,Jan,2014,200173.1168,202881.1777,6175,1,202881.1777,6175
2014-01-03,Fri,Jan,2014,326906.0742,333806.2919,10084,1,333806.2919,10084
2014-01-04,Sat,Jan,2014,307043.9354,313652.3483,9470,1,313652.3483,9470
2014-01-05,Sun,Jan,2014,179188.8845,183083.285,5524,1,183083.285,5524
2014-01-06,Mon,Jan,2014,306351.9509,313446.0681,9448,1,313446.0681,9448
2014-01-07,Tue,Jan,2014,224020.41,229533.9737,6911,1,229533.9737,6911
2014-01-08,Wed,Jan,2014,101836.4022,99381.96752,2990,1,99381.96752,2990
2014-01-09,Thu,Jan,2014,107804.3049,104816.4585,3159,1,104816.4585,3159
2014-01-10,Fri,Jan,2014,144829.9567,141333.9963,4246,1,141333.9963,4246
2014-01-11,Sat,Jan,2014,146571.4824,143179.67,4297,1,143179.67,4297
2014-01-12,Sun,Jan,2014,95422.37298,93126.14724,2796,1,93126.14724,2796
2014-01-13,Mon,Jan,2014,114883.1738,112186.3087,3369,1,112186.3087,3369
2014-01-14,Tue,Jan,2014,80090.80008,78096.76018,2348,1,78096.76018,2348
2014-01-15,Wed,Jan,2014,98945.37116,97159.00259,2903,1,97159.00259,2903
2014-01-16,Thu,Jan,2014,84904.90171,83350.43316,2491,1,83350.43316,2491
2014-01-17,Fri,Jan,2014,135460.6197,132703.3354,3968,1,132703.3354,3968
2014-01-18,Sat,Jan,2014,149925.7497,146928.4118,4393,1,146928.4118,4393
2014-01-19,Sun,Jan,2014,74297.30718,72782.28432,2176,1,72782.28432,2176
2014-01-20,Mon,Jan,2014,83356.42456,81789.13612,2443,1,81789.13612,2443
2014-01-21,Tue,Jan,2014,89922.01429,88388.91607,2638,1,88388.91607,2638
2014-01-22,Wed,Jan,2014,57806.30278,57157.28254,1704,1,57157.28254,1704
2014-01-23,Thu,Jan,2014,63977.75035,62863.98724,1872,1,62863.98724,1872
2014-01-24,Fri,Jan,2014,116958.7998,114823.7952,3423,1,114823.7952,3423
2014-01-25,Sat,Jan,2014,155272.8248,152636.2766,4544,1,152636.2766,4544
2014-01-26,Sun,Jan,2014,82885.21591,81583.16695,2426,1,81583.16695,2426
2014-01-27,Mon,Jan,2014,72353.42588,71377.15646,2117,1,71377.15646,2117
2014-01-28,Tue,Jan,2014,50415.90376,49769.09824,1476,1,49769.09824,1476
2014-01-29,Wed,Jan,2014,67458.30189,66529.442,1974,1,66529.442,1974
2014-01-30,Thu,Jan,2014,64640.36931,63757.83987,1892,1,63757.83987,1892
2014-01-31,Fri,Jan,2014,137693.8735,135609.5076,4030,1,135609.5076,4030
2014-02-01,Sat,Feb,2014,181209.1285,178435.7153,5304,1,178435.7153,5304
2014-02-02,Sun,Feb,2014,113433.581,111466.5168,3320,1,111466.5168,3320
2014-02-03,Mon,Feb,2014,143192.5334,140505.6347,4191,1,140505.6347,4191
2014-02-04,Tue,Feb,2014,130126.6499,128496.2877,3809,1,128496.2877,3809
2014-02-05,Wed,Feb,2014,187155.8685,195078.6033,5764,1,195078.6033,5764
2014-02-06,Thu,Feb,2014,102314.7096,101977.99,3028,1,101977.99,3028
2014-02-07,Fri,Feb,2014,301553.8426,313529.1877,9284,1,313529.1877,9284
2014-02-08,Sat,Feb,2014,316073.1775,329754.7795,9737,1,329754.7795,9737
2014-02-09,Sun,Feb,2014,135178.0426,141530.7087,4163,1,141530.7087,4163
2014-02-10,Mon,Feb,2014,147727.5162,154828.6846,4552,1,154828.6846,4552
2014-02-11,Tue,Feb,2014,135498.7464,139824.1616,4172,1,139824.1616,4172
2014-02-12,Wed,Feb,2014,163432.8452,166893.3689,5037,1,166893.3689,5037
2014-02-13,Thu,Feb,2014,138291.6333,141027.4345,4259,1,141027.4345,4259
2014-02-14,Fri,Feb,2014,336901.3717,343519.8755,10381,1,343519.8755,10381
2014-02-15,Sat,Feb,2014,367729.2682,373973.5933,11332,1,373973.5933,11332
2014-02-16,Sun,Feb,2014,133913.8414,136797.0774,4127,1,136797.0774,4127
2014-02-17,Mon,Feb,2014,150800.347,152887.1064,4649,1,152887.1064,4649
2014-02-18,Tue,Feb,2014,55591.93034,53463.24421,1627,1,53463.24421,1627
2014-02-19,Wed,Feb,2014,106427.1918,107736.4441,3281,1,107736.4441,3281
2014-02-20,Thu,Feb,2014,78940.55442,75934.39482,2310,1,75934.39482,2310
2014-02-21,Fri,Feb,2014,317916.3179,322089.789,9802,1,322089.789,9802
2014-02-22,Sat,Feb,2014,309217.8756,320116.9243,9772,1,320116.9243,9772
2014-02-23,Sun,Feb,2014,138491.55,140752.6016,4270,1,140752.6016,4270
2014-02-24,Mon,Feb,2014,133146.2222,134505.4042,4106,1,134505.4042,4106
2014-02-25,Tue,Feb,2014,224994.6562,227546.4466,6937,1,227546.4466,6937
2014-02-26,Wed,Feb,2014,225051.5915,228214.1421,6934,1,228214.1421,6934
2014-02-27,Thu,Feb,2014,344299.6824,365935.653,11082,1,365935.653,11082
2014-02-28,Fri,Feb,2014,661876.5,686656.791,20805,1,686656.791,20805
2014-03-01,Sat,Mar,2014,846678.3882,872081.585,26410,1,872081.585,26410
2014-03-02,Sun,Mar,2014,478902.3049,495554.4499,15004,1,495554.4499,15004
2014-03-03,Mon,Mar,2014,538827.2021,557567.137,16884,1,557567.137,16884
2014-03-04,Tue,Mar,2014,310346.1213,323325.0299,9789,1,323325.0299,9789
2014-03-05,Wed,Mar,2014,256390.5222,267308.5071,8079,1,267308.5071,8079
2014-03-06,Thu,Mar,2014,167803.6598,168135.69,5072,1,168135.69,5072
2014-03-07,Fri,Mar,2014,465318.0215,483774.5967,14551,1,483774.5967,14551
2014-03-08,Sat,Mar,2014,520146.7496,541498.9582,16262,1,541498.9582,16262
2014-03-09,Sun,Mar,2014,224699.2528,233589.983,7014,1,233589.983,7014
2014-03-10,Mon,Mar,2014,286230.6789,297642.8914,8932,1,297642.8914,8932
2014-03-11,Tue,Mar,2014,187143.0181,191499.0428,5737,1,191499.0428,5737
2014-03-12,Wed,Mar,2014,191700.3891,197153.424,5903,1,197153.424,5903
2014-03-13,Thu,Mar,2014,164663.9676,168975.174,5056,1,168975.174,5056
2014-03-14,Fri,Mar,2014,395941.3451,406765.914,12167,1,406765.914,12167
2014-03-15,Sat,Mar,2014,518183.2104,534383.1431,15971,1,534383.1431,15971
2014-03-16,Sun,Mar,2014,226617.9549,233191.1046,6968,1,233191.1046,6968
2014-03-17,Mon,Mar,2014,243707.8719,250794.2213,7494,1,250794.2213,7494
2014-03-18,Tue,Mar,2014,94849.7438,90571.58892,2707,1,90571.58892,2707
2014-03-19,Wed,Mar,2014,92386.78307,88255.84099,2637,1,88255.84099,2637
2014-03-20,Thu,Mar,2014,180394.8277,172344.3044,5149,1,172344.3044,5149
2014-03-21,Fri,Mar,2014,200939.6924,192019.1443,5735,1,192019.1443,5735
2014-03-22,Sat,Mar,2014,172953.9247,165201.305,4936,1,165201.305,4936
2014-03-23,Sun,Mar,2014,70194.79954,67061.62271,2003,1,67061.62271,2003
2014-03-24,Mon,Mar,2014,81378.21463,77703.64633,2323,1,77703.64633,2323
2014-03-25,Tue,Mar,2014,130227.0147,127394.2892,3822,1,127394.2892,3822
2014-03-26,Wed,Mar,2014,125310.0364,122275.1026,3666,1,122275.1026,3666
2014-03-27,Thu,Mar,2014,119452.3396,118186.575,3543,1,118186.575,3543
2014-03-28,Fri,Mar,2014,276174.7693,271550.8956,8130,1,271550.8956,8130
2014-03-29,Sat,Mar,2014,357369.2669,352250.8301,10518,1,352250.8301,10518
2014-03-30,Sun,Mar,2014,163865.4903,160525.4269,4791,1,160525.4269,4791
2014-03-31,Mon,Mar,2014,190719.6145,187072.5952,5583,1,187072.5952,5583
2014-04-01,Tue,Apr,2014,244535.2052,239700.6848,7155,1,239700.6848,7155
2014-04-02,Wed,Apr,2014,155620.5038,153366.0188,4575,1,153366.0188,4575
2014-04-03,Thu,Apr,2014,136001.9782,134523.0686,3997,1,134523.0686,3997
2014-04-04,Fri,Apr,2014,190559.8875,187742.3,5558,1,187742.3,5558
2014-04-05,Sat,Apr,2014,217110.5025,213540.7342,6320,1,213540.7342,6320
2014-04-06,Sun,Apr,2014,119190.1,116856.3146,3447,1,116856.3146,3447
2014-04-07,Mon,Apr,2014,131910.1975,130784.4447,3854,1,130784.4447,3854
2014-04-08,Tue,Apr,2014,118921.3077,115305.8052,3394,1,115305.8052,3394
2014-04-09,Wed,Apr,2014,124828.2828,121264.7031,3563,1,121264.7031,3563
2014-04-10,Thu,Apr,2014,179326.4902,183278.5024,5380,1,183278.5024,5380
2014-04-11,Fri,Apr,2014,318949.8171,326322.526,9573,1,326322.526,9573
2014-04-12,Sat,Apr,2014,375031.1093,383727.194,11250,1,383727.194,11250
2014-04-13,Sun,Apr,2014,166393.5407,170061.8641,4990,1,170061.8641,4990
2014-04-14,Mon,Apr,2014,193652.3278,198212.0687,5810,1,198212.0687,5810
2014-04-15,Tue,Apr,2014,249805.5172,255956.654,7497,1,255956.654,7497
2014-04-16,Wed,Apr,2014,294023.4109,301522.3523,8821,1,301522.3523,8821
2014-04-17,Thu,Apr,2014,612236.0058,627927.7587,18366,1,627927.7587,18366
2014-04-18,Fri,Apr,2014,464815.5179,476692.5437,13940,1,476692.5437,13940
2014-04-19,Sat,Apr,2014,360480.9404,369765.6128,10814,1,369765.6128,10814
2014-04-20,Sun,Apr,2014,114279.5773,117190.8262,3429,1,117190.8262,3429
2014-04-21,Mon,Apr,2014,161170.8204,165415.0838,4834,1,165415.0838,4834
2014-04-22,Tue,Apr,2014,182483.1465,187344.7372,5475,1,187344.7372,5475
2014-04-23,Wed,Apr,2014,109358.4125,106849.8988,3121,1,106849.8988,3121
2014-04-24,Thu,Apr,2014,98430.11411,96197.48223,2809,1,96197.48223,2809
2014-04-25,Fri,Apr,2014,295741.347,292327.0283,8537,1,292327.0283,8537
2014-04-26,Sat,Apr,2014,285053.9799,281159.5811,8209,1,281159.5811,8209
2014-04-27,Sun,Apr,2014,124964.7965,123042.159,3592,1,123042.159,3592
2014-04-28,Mon,Apr,2014,124175.8084,122516.0657,3576,1,122516.0657,3576
2014-04-29,Tue,Apr,2014,131842.5716,130405.2639,3807,1,130405.2639,3807
2014-04-30,Wed,Apr,2014,154850.0573,150644.3482,4398,1,150644.3482,4398
2014-05-01,Thu,May,2014,180294.2687,175656.6504,5124,1,175656.6504,5124
2014-05-02,Fri,May,2014,163849.0358,157300.6256,4581,1,157300.6256,4581
2014-05-03,Sat,May,2014,131436.7924,127601.9447,3697,1,127601.9447,3697
2014-05-04,Sun,May,2014,93082.04396,91601.50654,2642,1,91601.50654,2642
2014-05-05,Mon,May,2014,110887.0133,109460.1532,3154,1,109460.1532,3154
2014-05-06,Tue,May,2014,119385.5754,115693.1066,3324,1,115693.1066,3324
2014-05-07,Wed,May,2014,91719.58938,93157.17058,2677,1,93157.17058,2677
2014-05-08,Thu,May,2014,96335.44895,93696.21614,2683,1,93696.21614,2683
2014-05-09,Fri,May,2014,303226.2984,325836.9401,9328,1,325836.9401,9328
2014-05-10,Sat,May,2014,431695.7092,465253.8157,13306,1,465253.8157,13306
2014-05-11,Sun,May,2014,200407.2771,215907.8249,6173,1,215907.8249,6173
2014-05-12,Mon,May,2014,183413.7083,197835.4951,5653,1,197835.4951,5653
2014-05-13,Tue,May,2014,146166.6011,157693.1893,4503,1,157693.1893,4503
2014-05-14,Wed,May,2014,201120.7276,218098.7619,6253,1,218098.7619,6253
2014-05-15,Thu,May,2014,270123.5508,289864.7985,8408,1,289864.7985,8408
2014-05-16,Fri,May,2014,415315.3839,441790.7672,12949,1,441790.7672,12949
2014-05-17,Sat,May,2014,498716.9976,526707.377,15508,1,526707.377,15508
2014-05-18,Sun,May,2014,166433.1721,174376.6325,5141,1,174376.6325,5141
2014-05-19,Mon,May,2014,168520.6294,175540.1155,5194,1,175540.1155,5194
2014-05-20,Tue,May,2014,178123.5321,187748.1722,5550,1,187748.1722,5550
2014-05-21,Wed,May,2014,194878.8026,204460.6654,6070,1,204460.6654,6070
2014-05-22,Thu,May,2014,115475.0969,115011.3226,3421,1,115011.3226,3421
2014-05-23,Fri,May,2014,430521.0245,449274.1863,13384,1,449274.1863,13384
2014-05-24,Sat,May,2014,590642.8257,614245.7941,18356,1,614245.7941,18356
2014-05-25,Sun,May,2014,210764.718,217364.463,6500,1,217364.463,6500
2014-05-26,Mon,May,2014,218189.3485,225607.5952,6752,1,225607.5952,6752
2014-05-27,Tue,May,2014,226132.4639,234496.5128,7023,1,234496.5128,7023
2014-05-28,Wed,May,2014,243720.868,252929.2947,7579,1,252929.2947,7579
2014-05-29,Thu,May,2014,207429.429,215118.8465,6448,1,215118.8465,6448
2014-05-30,Fri,May,2014,503149.4313,521651.0861,15637,1,521651.0861,15637
2014-05-31,Sat,May,2014,603748.7895,626259.3868,18775,1,626259.3868,18775
2014-06-01,Sun,Jun,2014,456017.4631,473223.9807,14188,1,473223.9807,14188
2014-06-02,Mon,Jun,2014,425845.196,442155.9912,13256,1,442155.9912,13256
2014-06-03,Tue,Jun,2014,328217.77,340913.5917,10223,1,340913.5917,10223
2014-06-04,Wed,Jun,2014,286405.9988,296902.6725,8904,1,296902.6725,8904
2014-06-05,Thu,Jun,2014,184989.8887,192824.8901,5783,1,192824.8901,5783
2014-06-06,Fri,Jun,2014,288118.3044,300213.5594,9005,1,300213.5594,9005
2014-06-07,Sat,Jun,2014,391930.878,407438.9196,12222,1,407438.9196,12222
2014-06-08,Sun,Jun,2014,193772.5811,201254.7125,6037,1,201254.7125,6037
2014-06-09,Mon,Jun,2014,214177.9834,220255.2192,6607,1,220255.2192,6607
2014-06-10,Tue,Jun,2014,188334.5212,195254.781,5857,1,195254.781,5857
2014-06-11,Wed,Jun,2014,174324.9948,180978.601,5429,1,180978.601,5429
2014-06-12,Thu,Jun,2014,200271.5643,207757.703,6232,1,207757.703,6232
2014-06-13,Fri,Jun,2014,468701.6302,486180.5444,14585,1,486180.5444,14585
2014-06-14,Sat,Jun,2014,473425.7542,492135.2923,14745,1,492135.2923,14745
2014-06-15,Sun,Jun,2014,224232.1214,233554.0322,6991,1,233554.0322,6991
2014-06-16,Mon,Jun,2014,185606.275,193340.3154,5788,1,193340.3154,5788
2014-06-17,Tue,Jun,2014,212687.5094,221403.645,6632,1,221403.645,6632
2014-06-18,Wed,Jun,2014,184259.6924,192057.5108,5752,1,192057.5108,5752
2014-06-19,Thu,Jun,2014,113735.8162,119544.0198,3578,1,119544.0198,3578
2014-06-20,Fri,Jun,2014,203165.083,205350.6431,6119,1,205350.6431,6119
2014-06-21,Sat,Jun,2014,203345.2446,206918.9126,6161,1,206918.9126,6161
2014-06-22,Sun,Jun,2014,134944.489,135372.527,4015,1,135372.527,4015
2014-06-23,Mon,Jun,2014,138298.2102,139206.0269,4133,1,139206.0269,4133
2014-06-24,Tue,Jun,2014,36692.67986,35299.06424,1047,1,35299.06424,1047
2014-06-25,Wed,Jun,2014,56077.54269,53925.25763,1601,1,53925.25763,1601
2014-06-26,Thu,Jun,2014,55780.70745,53688.2412,1592,1,53688.2412,1592
2014-06-27,Fri,Jun,2014,131721.2383,127302.4271,3759,1,127302.4271,3759
2014-06-28,Sat,Jun,2014,146169.0766,141012.3294,4172,1,141012.3294,4172
2014-06-29,Sun,Jun,2014,62073.58541,60083.86984,1772,1,60083.86984,1772
2014-06-30,Mon,Jun,2014,93619.84699,90294.37609,2672,1,90294.37609,2672
2014-07-01,Tue,Jul,2014,180183.0314,173842.9209,5143,1,173842.9209,5143
2014-07-02,Wed,Jul,2014,104760.7062,101615.732,2990,1,101615.732,2990
2014-07-03,Thu,Jul,2014,93450.53368,90927.08966,2667,1,90927.08966,2667
2014-07-04,Fri,Jul,2014,98087.5559,95423.27399,2799,1,95423.27399,2799
2014-07-05,Sat,Jul,2014,117562.2629,114395.6276,3355,1,114395.6276,3355
2014-07-06,Sun,Jul,2014,70153.08097,68252.24221,2002,1,68252.24221,2002
2014-07-07,Mon,Jul,2014,68918.41529,66990.88135,1967,1,66990.88135,1967
2014-07-08,Tue,Jul,2014,108417.4028,105373.3,3094,1,105373.3,3094
2014-07-09,Wed,Jul,2014,81802.60821,79496.49424,2335,1,79496.49424,2335
2014-07-10,Thu,Jul,2014,103998.5597,101270.9711,2968,1,101270.9711,2968
2014-07-11,Fri,Jul,2014,134018.0893,130633.2627,3825,1,130633.2627,3825
2014-07-12,Sat,Jul,2014,99277.2995,96688.49781,2833,1,96688.49781,2833
2014-07-13,Sun,Jul,2014,49705.232,48370.30899,1419,1,48370.30899,1419
2014-07-14,Mon,Jul,2014,75384.57455,73393.44659,2151,1,73393.44659,2151
2014-07-15,Tue,Jul,2014,110288.2342,107437.381,3148,1,107437.381,3148
2014-07-16,Wed,Jul,2014,156536.6862,164641.354,4825,1,164641.354,4825
2014-07-17,Thu,Jul,2014,80823.0592,78844.8605,2307,1,78844.8605,2307
2014-07-18,Fri,Jul,2014,124615.6856,121612.1789,3557,1,121612.1789,3557
2014-07-19,Sat,Jul,2014,242758.9505,255779.8545,7485,1,255779.8545,7485
2014-07-20,Sun,Jul,2014,85078.24369,83020.51413,2428,1,83020.51413,2428
2014-07-21,Mon,Jul,2014,86738.06743,84643.27183,2475,1,84643.27183,2475
2014-07-22,Tue,Jul,2014,56673.61581,55278.70783,1618,1,55278.70783,1618
2014-07-23,Wed,Jul,2014,165742.1705,173725.3575,5106,1,173725.3575,5106
2014-07-24,Thu,Jul,2014,95618.2488,92416.90384,2729,1,92416.90384,2729
2014-07-25,Fri,Jul,2014,515698.7958,538260.2718,15897,1,538260.2718,15897
2014-07-26,Sat,Jul,2014,562590.3665,586670.5141,17343,1,586670.5141,17343
2014-07-27,Sun,Jul,2014,266305.9259,277238.0104,8207,1,277238.0104,8207
2014-07-28,Mon,Jul,2014,292634.7457,304508.379,9018,1,304508.379,9018
2014-07-29,Tue,Jul,2014,212360.9931,221017.0731,6548,1,221017.0731,6548
2014-07-30,Wed,Jul,2014,198019.3321,205903.8249,6102,1,205903.8249,6102
2014-07-31,Thu,Jul,2014,295508.3273,307222.3954,9108,1,307222.3954,9108
2014-08-01,Fri,Aug,2014,611894.6732,636341.3159,18867,1,636341.3159,18867
2014-08-02,Sat,Aug,2014,628685.2188,653779.9635,19384,1,653779.9635,19384
2014-08-03,Sun,Aug,2014,307272.6837,319500.0095,9473,1,319500.0095,9473
2014-08-04,Mon,Aug,2014,362106.5326,376645.7509,11170,1,376645.7509,11170
2014-08-05,Tue,Aug,2014,262349.591,272809.2904,8091,1,272809.2904,8091
2014-08-06,Wed,Aug,2014,80697.9035,77649.63653,2303,1,77649.63653,2303
2014-08-07,Thu,Aug,2014,103272.6227,99367.23322,2947,1,99367.23322,2947
2014-08-08,Fri,Aug,2014,439421.4221,456509.6219,13542,1,456509.6219,13542
2014-08-09,Sat,Aug,2014,408616.3506,424340.9494,12588,1,424340.9494,12588
2014-08-10,Sun,Aug,2014,195866.773,203331.4348,6032,1,203331.4348,6032
2014-08-11,Mon,Aug,2014,232347.3532,241134.5278,7158,1,241134.5278,7158
2014-08-12,Tue,Aug,2014,190325.1811,197438.1116,5863,1,197438.1116,5863
2014-08-13,Wed,Aug,2014,197698.1186,205114.1289,6092,1,205114.1289,6092
2014-08-14,Thu,Aug,2014,177908.8356,184687.5291,5485,1,184687.5291,5485
2014-08-15,Fri,Aug,2014,473321.8825,491559.423,14587,1,491559.423,14587
2014-08-16,Sat,Aug,2014,541600.8922,562953.3708,16686,1,562953.3708,16686
2014-08-17,Sun,Aug,2014,239513.979,249203.1208,7380,1,249203.1208,7380
2014-08-18,Mon,Aug,2014,255224.2226,265532.5462,7864,1,265532.5462,7864
2014-08-19,Tue,Aug,2014,160372.0397,167021.1578,4941,1,167021.1578,4941
2014-08-20,Wed,Aug,2014,171587.3323,174723.1754,5151,1,174723.1754,5151
2014-08-21,Thu,Aug,2014,164208.0606,167239.6488,4928,1,167239.6488,4928
2014-08-22,Fri,Aug,2014,376778.8357,384006.0453,11309,1,384006.0453,11309
2014-08-23,Sat,Aug,2014,453633.474,463250.0713,13613,1,463250.0713,13613
2014-08-24,Sun,Aug,2014,214392.4009,218347.7978,6424,1,218347.7978,6424
2014-08-25,Mon,Aug,2014,316404.0623,323293.3966,9493,1,323293.3966,9493
2014-08-26,Tue,Aug,2014,242824.5013,259860.5125,7619,1,259860.5125,7619
2014-08-27,Wed,Aug,2014,274712.2533,304334.7846,8909,1,304334.7846,8909
2014-08-28,Thu,Aug,2014,258066.1694,287168.5661,8400,1,287168.5661,8400
2014-08-29,Fri,Aug,2014,594007.2132,660937.8048,19317,1,660937.8048,19317
2014-08-30,Sat,Aug,2014,717096.7128,797788.892,23310,1,797788.892,23310
2014-08-31,Sun,Aug,2014,358170.9963,398562.6074,11646,1,398562.6074,11646
2014-09-01,Mon,Sep,2014,594953.6349,662850.9908,19366,1,662850.9908,19366
2014-09-02,Tue,Sep,2014,469469.941,523480.3033,15291,1,523480.3033,15291
2014-09-03,Wed,Sep,2014,464067.7993,517180.5433,15100,1,517180.5433,15100
2014-09-04,Thu,Sep,2014,312311.954,348177.1205,10164,1,348177.1205,10164
2014-09-05,Fri,Sep,2014,501279.0004,558766.6903,16310,1,558766.6903,16310
2014-09-06,Sat,Sep,2014,552703.9038,616169.8514,17985,1,616169.8514,17985
2014-09-07,Sun,Sep,2014,234153.7622,261088.3864,7620,1,261088.3864,7620
2014-09-08,Mon,Sep,2014,244481.4977,272633.3998,7958,1,272633.3998,7958
2014-09-09,Tue,Sep,2014,122749.6353,120070.9502,3503,1,120070.9502,3503
2014-09-10,Wed,Sep,2014,78736.40284,77071.54271,2247,1,77071.54271,2247
2014-09-11,Thu,Sep,2014,70875.11067,69489.36085,2023,1,69489.36085,2023
2014-09-12,Fri,Sep,2014,148634.3914,145956.1397,4242,1,145956.1397,4242
2014-09-13,Sat,Sep,2014,171724.8288,168652.2036,4901,1,168652.2036,4901
2014-09-14,Sun,Sep,2014,86435.69883,84948.37458,2467,1,84948.37458,2467
2014-09-15,Mon,Sep,2014,120236.1827,118094.0432,3432,1,118094.0432,3432
2014-09-16,Tue,Sep,2014,83204.19669,81753.42459,2375,1,81753.42459,2375
2014-09-17,Wed,Sep,2014,73768.03473,72471.91932,2105,1,72471.91932,2105
2014-09-18,Thu,Sep,2014,69425.44512,68280.38328,1982,1,68280.38328,1982
2014-09-19,Fri,Sep,2014,137154.9541,135276.9096,3915,1,135276.9096,3915
2014-09-20,Sat,Sep,2014,153569.0619,151376.1356,4383,1,151376.1356,4383
2014-09-21,Sun,Sep,2014,75633.32059,74546.66825,2159,1,74546.66825,2159
2014-09-22,Mon,Sep,2014,90815.92981,89653.63759,2592,1,89653.63759,2592
2014-09-23,Tue,Sep,2014,110118.1564,108880.409,3143,1,108880.409,3143
2014-09-24,Wed,Sep,2014,209908.3831,223554.0866,6457,1,223554.0866,6457
2014-09-25,Thu,Sep,2014,358365.683,382967.9832,11039,1,382967.9832,11039
2014-09-26,Fri,Sep,2014,585463.996,625980.9302,18036,1,625980.9302,18036
2014-09-27,Sat,Sep,2014,617019.0915,661010.5913,19017,1,661010.5913,19017
2014-09-28,Sun,Sep,2014,283850.5971,304440.6515,8747,1,304440.6515,8747
2014-09-29,Mon,Sep,2014,264317.1104,283912.9687,8147,1,283912.9687,8147
2014-09-30,Tue,Sep,2014,358024.9813,384823.4399,11036,1,384823.4399,11036
2014-10-01,Wed,Oct,2014,594438.2808,639306.5688,18330,1,639306.5688,18330
2014-10-02,Thu,Oct,2014,470507.663,506072.0333,14503,1,506072.0333,14503
2014-10-03,Fri,Oct,2014,518693.5287,557939.3693,15986,1,557939.3693,15986
2014-10-04,Sat,Oct,2014,656245.8284,705891.3003,20223,1,705891.3003,20223
2014-10-05,Sun,Oct,2014,280055.1177,301279.655,8631,1,301279.655,8631
2014-10-06,Mon,Oct,2014,375648.0175,404178.9211,11579,1,404178.9211,11579
2014-10-07,Tue,Oct,2014,78111.71646,74251.87473,2127,1,74251.87473,2127
2014-10-08,Wed,Oct,2014,70509.13279,67141.97963,1923,1,67141.97963,1923
2014-10-09,Thu,Oct,2014,103281.311,98065.93908,2809,1,98065.93908,2809
2014-10-10,Fri,Oct,2014,179841.4318,170757.5812,4891,1,170757.5812,4891
2014-10-11,Sat,Oct,2014,138038.2398,131192.3168,3758,1,131192.3168,3758
2014-10-12,Sun,Oct,2014,61037.56223,57992.34151,1661,1,57992.34151,1661
2014-10-13,Mon,Oct,2014,86799.75945,82392.33326,2360,1,82392.33326,2360
2014-10-14,Tue,Oct,2014,69570.50147,66313.94098,1894,1,66313.94098,1894
2014-10-15,Wed,Oct,2014,130476.3553,124398.4316,3548,1,124398.4316,3548
2014-10-16,Thu,Oct,2014,95229.77348,91087.85134,2591,1,91087.85134,2591
2014-10-17,Fri,Oct,2014,121057.8613,116949.7913,3293,1,116949.7913,3293
2014-10-18,Sat,Oct,2014,169498.9164,164492.9466,4611,1,164492.9466,4611
2014-10-19,Sun,Oct,2014,90692.37588,87911.21158,2468,1,87911.21158,2468
2014-10-20,Mon,Oct,2014,101723.915,98870.81188,2773,1,98870.81188,2773
2014-10-21,Tue,Oct,2014,103395.6913,100424.1557,2815,1,100424.1557,2815
2014-10-22,Wed,Oct,2014,99075.5991,96511.72216,2701,1,96511.72216,2701
2014-10-23,Thu,Oct,2014,97476.14472,94763.84255,2651,1,94763.84255,2651
2014-10-24,Fri,Oct,2014,248974.6528,241961.1432,6781,1,241961.1432,6781
2014-10-25,Sat,Oct,2014,302721.6833,294129.6711,8249,1,294129.6711,8249
2014-10-26,Sun,Oct,2014,128520.7278,124739.2339,3502,1,124739.2339,3502
2014-10-27,Mon,Oct,2014,145185.2683,140651.9372,3949,1,140651.9372,3949
2014-10-28,Tue,Oct,2014,89527.55663,87067.05132,2435,1,87067.05132,2435
2014-10-29,Wed,Oct,2014,81991.88284,80112.54801,2232,1,80112.54801,2232
2014-10-30,Thu,Oct,2014,69704.49111,68293.09639,1898,1,68293.09639,1898
2014-10-31,Fri,Oct,2014,166652.3948,163319.7165,4537,1,163319.7165,4537
2014-11-01,Sat,Nov,2014,247453.1022,242638.8012,6730,1,242638.8012,6730
2014-11-02,Sun,Nov,2014,148476.1812,145646.3368,4038,1,145646.3368,4038
2014-11-03,Mon,Nov,2014,205368.9226,201281.239,5581,1,201281.239,5581
2014-11-04,Tue,Nov,2014,99244.68185,90949.44225,2519,1,90949.44225,2519
2014-11-05,Wed,Nov,2014,72756.8631,67872.77433,1847,1,67872.77433,1847
2014-11-06,Thu,Nov,2014,86867.45808,84486.08609,2309,1,84486.08609,2309
2014-11-07,Fri,Nov,2014,140167.8039,136539.2033,3722,1,136539.2033,3722
2014-11-08,Sat,Nov,2014,160727.3028,156700.825,4268,1,156700.825,4268
2014-11-09,Sun,Nov,2014,74115.62878,71994.34639,1968,1,71994.34639,1968
2014-11-10,Mon,Nov,2014,76103.29152,73967.60569,2016,1,73967.60569,2016
2014-11-11,Tue,Nov,2014,56303.36657,54996.86661,1497,1,54996.86661,1497
2014-11-12,Wed,Nov,2014,49436.81586,48289.89228,1314,1,48289.89228,1314
2014-11-13,Thu,Nov,2014,55033.1224,53997.21887,1466,1,53997.21887,1466
2014-11-14,Fri,Nov,2014,149808.1659,146994.8955,3984,1,146994.8955,3984
2014-11-15,Sat,Nov,2014,180685.5107,176898.2778,4802,1,176898.2778,4802
2014-11-16,Sun,Nov,2014,75871.43677,73905.81016,2017,1,73905.81016,2017
2014-11-17,Mon,Nov,2014,86313.33408,84418.78911,2297,1,84418.78911,2297
2014-11-18,Tue,Nov,2014,62631.79875,61158.36109,1665,1,61158.36109,1665
2014-11-19,Wed,Nov,2014,48529.10336,47409.55406,1291,1,47409.55406,1291
2014-11-20,Thu,Nov,2014,51040.88137,50038.14263,1361,1,50038.14263,1361
2014-11-21,Fri,Nov,2014,53973.92224,47192.49828,1281,1,47192.49828,1281
2014-11-22,Sat,Nov,2014,47497.98253,41179.08825,1122,1,41179.08825,1122
2014-11-23,Sun,Nov,2014,31219.95153,26893.30468,737,1,26893.30468,737
2014-11-24,Mon,Nov,2014,26870.32387,23516.04172,641,1,23516.04172,641
2014-11-25,Tue,Nov,2014,40530.64229,35674.19076,968,1,35674.19076,968
2014-11-26,Wed,Nov,2014,30371.43134,26054.84917,709,1,26054.84917,709
2014-11-27,Thu,Nov,2014,37776.65877,32719.68964,880,1,32719.68964,880
2014-11-28,Fri,Nov,2014,46818.20532,40652.57641,1096,1,40652.57641,1096
2014-11-29,Sat,Nov,2014,88321.62555,79880.24368,2068,1,79880.24368,2068
2014-11-30,Sun,Nov,2014,101037.8278,93177.8847,2375,1,93177.8847,2375
2014-12-01,Mon,Dec,2014,105100.6676,97257.39467,2492,1,97257.39467,2492
2014-12-02,Tue,Dec,2014,88219.52549,85533.42892,2170,1,85533.42892,2170
2014-12-03,Wed,Dec,2014,71590.36929,69654.93031,1784,1,69654.93031,1784
2014-12-04,Thu,Dec,2014,54996.62169,54503.02855,1368,1,54503.02855,1368
2014-12-05,Fri,Dec,2014,77884.18161,77619.29489,1914,1,77619.29489,1914
2014-12-06,Sat,Dec,2014,150370.1167,154998.8346,3765,1,154998.8346,3765
2014-12-07,Sun,Dec,2014,104675.3761,111903.7379,2712,1,111903.7379,2712
2014-12-08,Mon,Dec,2014,90121.53048,91081.66819,2222,1,91081.66819,2222
2014-12-09,Tue,Dec,2014,75425.4437,77014.25596,1861,1,77014.25596,1861
2014-12-10,Wed,Dec,2014,161844.8094,169348.5186,4095,1,169348.5186,4095
2014-12-11,Thu,Dec,2014,158603.357,171692.9936,4157,1,171692.9936,4157
2014-12-12,Fri,Dec,2014,279092.096,301236.1099,7259,1,301236.1099,7259
2014-12-13,Sat,Dec,2014,369350.9895,402564.6786,9654,1,402564.6786,9654
2014-12-14,Sun,Dec,2014,177500.1077,192327.3207,4632,1,192327.3207,4632
2014-12-15,Mon,Dec,2014,282246.6287,304489.6383,7341,1,304489.6383,7341
2014-12-16,Tue,Dec,2014,166037.9257,179571.1291,4308,1,179571.1291,4308
2014-12-17,Wed,Dec,2014,148910.9984,161137.522,3865,1,161137.522,3865
2014-12-18,Thu,Dec,2014,202359.1429,221435.7686,5288,1,221435.7686,5288
2014-12-19,Fri,Dec,2014,274343.6543,299516.8378,7141,1,299516.8378,7141
2014-12-20,Sat,Dec,2014,316167.0747,346378.3048,8268,1,346378.3048,8268
2014-12-21,Sun,Dec,2014,173833.4001,190644.5016,4541,1,190644.5016,4541
2014-12-22,Mon,Dec,2014,204565.0818,210188.9094,5014,1,210188.9094,5014
2014-12-23,Tue,Dec,2014,316394.7309,326627.1384,7778,1,326627.1384,7778
2014-12-24,Wed,Dec,2014,486230.3202,495909.0896,11809,1,495909.0896,11809
2014-12-25,Thu,Dec,2014,137686.5321,140525.7867,3344,1,140525.7867,3344
2014-12-26,Fri,Dec,2014,48102.96241,49028.36507,1169,1,49028.36507,1169
2014-12-27,Sat,Dec,2014,110162.132,112383.5592,2676,1,112383.5592,2676
2014-12-28,Sun,Dec,2014,69051.33709,70482.7178,1677,1,70482.7178,1677
2014-12-29,Mon,Dec,2014,133307.369,136003.4825,3237,1,136003.4825,3237
2014-12-30,Tue,Dec,2014,216389.5043,235723.7648,5607,1,235723.7648,5607
2014-12-31,Wed,Dec,2014,365055.312,398013.3483,9464,1,398013.3483,9464
2015-01-01,Thu,Jan,2015,112161.4196,122170.4317,2905,1,122170.4317,2905
2015-01-02,Fri,Jan,2015,271101.4617,295019.4694,7023,1,295019.4694,7023
2015-01-03,Sat,Jan,2015,245813.2883,267734.7253,6371,1,267734.7253,6371
2015-01-04,Sun,Jan,2015,178394.812,194427.448,4624,1,194427.448,4624
2015-01-05,Mon,Jan,2015,220443.6315,239988.0275,5717,1,239988.0275,5717
2015-01-06,Tue,Jan,2015,181534.1887,197328.9439,4705,1,197328.9439,4705
2015-01-07,Wed,Jan,2015,83176.48139,84728.8312,2020,1,84728.8312,2020
2015-01-08,Thu,Jan,2015,76894.77935,78468.0955,1868,1,78468.0955,1868
2015-01-09,Fri,Jan,2015,123859.388,126444.1425,3008,1,126444.1425,3008
2015-01-10,Sat,Jan,2015,120807.5742,123392.8041,2934,1,123392.8041,2934
2015-01-11,Sun,Jan,2015,69597.36735,71051.3635,1690,1,71051.3635,1690
2015-01-12,Mon,Jan,2015,84738.29441,86467.53775,2058,1,86467.53775,2058
2015-01-13,Tue,Jan,2015,64653.97214,65980.42209,1570,1,65980.42209,1570
2015-01-14,Wed,Jan,2015,59553.38603,60703.35603,1446,1,60703.35603,1446
2015-01-15,Thu,Jan,2015,79080.75696,80337.74831,1921,1,80337.74831,1921
2015-01-16,Fri,Jan,2015,149444.0568,152030.9865,3629,1,152030.9865,3629
2015-01-17,Sat,Jan,2015,170624.0799,173547.0271,4144,1,173547.0271,4144
2015-01-18,Sun,Jan,2015,74744.28315,76003.92825,1815,1,76003.92825,1815
2015-01-19,Mon,Jan,2015,90144.1614,91110.96935,2189,1,91110.96935,2189
2015-01-20,Tue,Jan,2015,97826.8088,99134.30699,2376,1,99134.30699,2376
2015-01-21,Wed,Jan,2015,62795.97915,64144.08888,1525,1,64144.08888,1525
2015-01-22,Thu,Jan,2015,66550.98983,67952.15055,1616,1,67952.15055,1616
2015-01-23,Fri,Jan,2015,154670.8907,158031.791,3757,1,158031.791,3757
2015-01-24,Sat,Jan,2015,158722.1056,162082.4184,3855,1,162082.4184,3855
2015-01-25,Sun,Jan,2015,78092.27692,79795.0431,1897,1,79795.0431,1897
2015-01-26,Mon,Jan,2015,91830.40204,93808.08675,2230,1,93808.08675,2230
2015-01-27,Tue,Jan,2015,76992.93568,78614.45775,1870,1,78614.45775,1870
2015-01-28,Wed,Jan,2015,59897.71588,61194.18026,1455,1,61194.18026,1455
2015-01-29,Thu,Jan,2015,57310.19404,58531.41099,1392,1,58531.41099,1392
2015-01-30,Fri,Jan,2015,134540.2145,137221.5375,3268,1,137221.5375,3268
2015-01-31,Sat,Jan,2015,200193.612,203814.7364,4862,1,203814.7364,4862
2015-02-01,Sun,Feb,2015,171469.9305,174652.458,4165,1,174652.458,4165
2015-02-02,Mon,Feb,2015,151737.2188,154148.5988,3685,1,154148.5988,3685
2015-02-03,Tue,Feb,2015,102072.4434,103634.9642,2479,1,103634.9642,2479
2015-02-04,Wed,Feb,2015,82514.10512,83232.39137,2005,1,83232.39137,2005
2015-02-05,Thu,Feb,2015,46211.33246,46407.29912,1122,1,46407.29912,1122
2015-02-06,Fri,Feb,2015,85730.41481,85765.70934,2082,1,85765.70934,2082
2015-02-07,Sat,Feb,2015,105918.2933,105662.5562,2573,1,105662.5562,2573
2015-02-08,Sun,Feb,2015,73041.66087,73046.2339,1774,1,73046.2339,1774
2015-02-09,Mon,Feb,2015,97908.5471,97097.93659,2378,1,97097.93659,2378
2015-02-10,Tue,Feb,2015,138667.4159,148522.849,3677,1,148522.849,3677
2015-02-11,Wed,Feb,2015,162162.1035,173661.8278,4299,1,173661.8278,4299
2015-02-12,Thu,Feb,2015,138520.1268,147756.3428,3674,1,147756.3428,3674
2015-02-13,Fri,Feb,2015,358597.4285,382447.0804,9505,1,382447.0804,9505
2015-02-14,Sat,Feb,2015,424009.8825,451548.0276,11237,1,451548.0276,11237
2015-02-15,Sun,Feb,2015,203861.4724,217065.6152,5406,1,217065.6152,5406
2015-02-16,Mon,Feb,2015,220506.2093,234723.22,5846,1,234723.22,5846
2015-02-17,Tue,Feb,2015,139935.937,148697.5437,3713,1,148697.5437,3713
2015-02-18,Wed,Feb,2015,161064.7523,170739.3666,4270,1,170739.3666,4270
2015-02-19,Thu,Feb,2015,144328.5452,152824.1149,3827,1,152824.1149,3827
2015-02-20,Fri,Feb,2015,293071.7592,310240.3784,7770,1,310240.3784,7770
2015-02-21,Sat,Feb,2015,267782.154,283430.3368,7102,1,283430.3368,7102
2015-02-22,Sun,Feb,2015,136052.6884,144020.1228,3608,1,144020.1228,3608
2015-02-23,Mon,Feb,2015,86703.31409,85730.96654,2150,1,85730.96654,2150
2015-02-24,Tue,Feb,2015,95474.35737,100867.5241,2530,1,100867.5241,2530
2015-02-25,Wed,Feb,2015,198431.6275,209499.7941,5253,1,209499.7941,5253
2015-02-26,Thu,Feb,2015,157291.734,166305.0376,4171,1,166305.0376,4171
2015-02-27,Fri,Feb,2015,307540.6752,324997.3365,8156,1,324997.3365,8156
2015-02-28,Sat,Feb,2015,350898.7635,375030.6355,9296,1,375030.6355,9296
2015-03-01,Sun,Mar,2015,256701.5427,276569.2504,6803,1,276569.2504,6803
2015-03-02,Mon,Mar,2015,234705.5928,252709.8231,6221,1,252709.8231,6221
2015-03-03,Tue,Mar,2015,249380.5654,268761.8324,6611,1,268761.8324,6611
2015-03-04,Wed,Mar,2015,258211.4442,278825.6067,6843,1,278825.6067,6843
2015-03-05,Thu,Mar,2015,145975.8339,157578.0059,3858,1,157578.0059,3858
2015-03-06,Fri,Mar,2015,269239.8526,291365.0176,7128,1,291365.0176,7128
2015-03-07,Sat,Mar,2015,306920.2116,332242.4116,8127,1,332242.4116,8127
2015-03-08,Sun,Mar,2015,122106.7956,121394.8122,2966,1,121394.8122,2966
2015-03-09,Mon,Mar,2015,117661.2808,116861.1583,2858,1,116861.1583,2858
2015-03-10,Tue,Mar,2015,62499.79917,62073.87265,1518,1,62073.87265,1518
2015-03-11,Wed,Mar,2015,57063.98412,56638.28137,1386,1,56638.28137,1386
2015-03-12,Thu,Mar,2015,48008.48284,47681.67208,1166,1,47681.67208,1166
2015-03-13,Fri,Mar,2015,117446.8391,116681.1416,2853,1,116681.1416,2853
2015-03-14,Sat,Mar,2015,150591.5479,149573.8276,3657,1,149573.8276,3657
2015-03-15,Sun,Mar,2015,67152.47495,66802.98322,1631,1,66802.98322,1631
2015-03-16,Mon,Mar,2015,80635.28925,80121.29052,1959,1,80121.29052,1959
2015-03-17,Tue,Mar,2015,50669.6371,50308.95705,1230,1,50308.95705,1230
2015-03-18,Wed,Mar,2015,48648.99266,48362.06879,1182,1,48362.06879,1182
2015-03-19,Thu,Mar,2015,43213.17762,42981.21685,1050,1,42981.21685,1050
2015-03-20,Fri,Mar,2015,96881.01809,96453.28728,2353,1,96453.28728,2353
2015-03-21,Sat,Mar,2015,121360.8851,120829.288,2947,1,120829.288,2947
2015-03-22,Sun,Mar,2015,66954.36637,66756.37644,1626,1,66756.37644,1626
2015-03-23,Mon,Mar,2015,81342.15076,81132.0129,1976,1,81132.0129,1976
2015-03-24,Tue,Mar,2015,125060.7079,136375.1527,3312,1,136375.1527,3312
2015-03-25,Wed,Mar,2015,253218.8312,276194.8295,6704,1,276194.8295,6704
2015-03-26,Thu,Mar,2015,229184.4719,250361.1502,6077,1,250361.1502,6077
2015-03-27,Fri,Mar,2015,354191.351,386464.6513,9386,1,386464.6513,9386
2015-03-28,Sat,Mar,2015,459484.6666,501362.5725,12181,1,501362.5725,12181
2015-03-29,Sun,Mar,2015,224102.8885,244359.8075,5937,1,244359.8075,5937
2015-03-30,Mon,Mar,2015,215203.5588,234819.4474,5706,1,234819.4474,5706
2015-03-31,Tue,Mar,2015,355534.912,386988.9147,9421,1,386988.9147,9421
2015-04-01,Wed,Apr,2015,498894.3439,542483.8358,13207,1,542483.8358,13207
2015-04-02,Thu,Apr,2015,715032.1899,777522.1928,18936,1,777522.1928,18936
2015-04-03,Fri,Apr,2015,510289.2156,554159.8194,13503,1,554159.8194,13503
2015-04-04,Sat,Apr,2015,400302.0395,434872.7289,10600,1,434872.7289,10600
2015-04-05,Sun,Apr,2015,135578.2034,147335.9251,3591,1,147335.9251,3591
2015-04-06,Mon,Apr,2015,182466.2552,198405.2291,4836,1,198405.2291,4836
2015-04-07,Tue,Apr,2015,176814.2026,178390.1491,4348,1,178390.1491,4348
2015-04-08,Wed,Apr,2015,100917.6716,100579.1289,2451,1,100579.1289,2451
2015-04-09,Thu,Apr,2015,74690.67273,74427.58597,1814,1,74427.58597,1814
2015-04-10,Fri,Apr,2015,114067.0771,113653.9736,2770,1,113653.9736,2770
2015-04-11,Sat,Apr,2015,126507.8009,126043.7692,3072,1,126043.7692,3072
2015-04-12,Sun,Apr,2015,79648.62939,79349.40245,1934,1,79349.40245,1934
2015-04-13,Mon,Apr,2015,83137.43243,82700.35417,2019,1,82700.35417,2019
2015-04-14,Tue,Apr,2015,40776.02706,39940.19958,979,1,39940.19958,979
2015-04-15,Wed,Apr,2015,58278.45793,56969.92259,1398,1,56969.92259,1398
2015-04-16,Thu,Apr,2015,50000.10144,48827.88538,1198,1,48827.88538,1198
2015-04-17,Fri,Apr,2015,103911.9191,101408.9496,2485,1,101408.9496,2485
2015-04-18,Sat,Apr,2015,132843.2226,129545.5321,3172,1,129545.5321,3172
2015-04-19,Sun,Apr,2015,62786.61128,61213.25591,1497,1,61213.25591,1497
2015-04-20,Mon,Apr,2015,57233.40664,55706.87543,1365,1,55706.87543,1365
2015-04-21,Tue,Apr,2015,56874.34546,55172.17123,1353,1,55172.17123,1353
2015-04-22,Wed,Apr,2015,132737.737,140263.9301,3439,1,140263.9301,3439
2015-04-23,Thu,Apr,2015,60310.33895,58446.05493,1434,1,58446.05493,1434
2015-04-24,Fri,Apr,2015,343587.0085,362390.596,8892,1,362390.596,8892
2015-04-25,Sat,Apr,2015,496882.315,535306.0099,13144,1,535306.0099,13144
2015-04-26,Sun,Apr,2015,200369.8299,210964.7681,5179,1,210964.7681,5179
2015-04-27,Mon,Apr,2015,194028.0618,204053.4989,5014,1,204053.4989,5014
2015-04-28,Tue,Apr,2015,190560.5792,200804.0368,4936,1,200804.0368,4936
2015-04-29,Wed,Apr,2015,198985.3996,209483.8758,5150,1,209483.8758,5150
2015-04-30,Thu,Apr,2015,385482.872,406252.0076,9986,1,406252.0076,9986
2015-05-01,Fri,May,2015,499703.4147,526206.9372,12937,1,526206.9372,12937
2015-05-02,Sat,May,2015,461667.0039,496852.802,12217,1,496852.802,12217
2015-05-03,Sun,May,2015,259541.6087,273280.0464,6721,1,273280.0464,6721
2015-05-04,Mon,May,2015,320309.2744,336742.6024,8283,1,336742.6024,8283
2015-05-05,Tue,May,2015,239922.9982,251700.9664,6191,1,251700.9664,6191
2015-05-06,Wed,May,2015,224994.1951,242259.8595,5959,1,242259.8595,5959
2015-05-07,Thu,May,2015,117197.9717,115769.0863,2848,1,115769.0863,2848
2015-05-08,Fri,May,2015,330589.1998,355565.0417,8748,1,355565.0417,8748
2015-05-09,Sat,May,2015,389972.1198,419827.1365,10329,1,419827.1365,10329
2015-05-10,Sun,May,2015,166536.0003,179243.0518,4410,1,179243.0518,4410
2015-05-11,Mon,May,2015,198442.9127,213676.4284,5257,1,213676.4284,5257
2015-05-12,Tue,May,2015,193182.1506,208039.1734,5118,1,208039.1734,5118
2015-05-13,Wed,May,2015,166403.127,179221.5723,4410,1,179221.5723,4410
2015-05-14,Thu,May,2015,149178.6015,160620.2071,3952,1,160620.2071,3952
2015-05-15,Fri,May,2015,380592.5776,409812.4327,10084,1,409812.4327,10084
2015-05-16,Sat,May,2015,413700.1789,445569.7191,10964,1,445569.7191,10964
2015-05-17,Sun,May,2015,177159.6731,190811.5779,4695,1,190811.5779,4695
2015-05-18,Mon,May,2015,196420.7635,211510.7861,5205,1,211510.7861,5205
2015-05-19,Tue,May,2015,137940.8722,147846.0522,3638,1,147846.0522,3638
2015-05-20,Wed,May,2015,166176.2838,178568.1805,4394,1,178568.1805,4394
2015-05-21,Thu,May,2015,84604.37757,81763.26739,2012,1,81763.26739,2012
2015-05-22,Fri,May,2015,321821.0203,346487.5203,8526,1,346487.5203,8526
2015-05-23,Sat,May,2015,418715.4106,450936.2793,11096,1,450936.2793,11096
2015-05-24,Sun,May,2015,169541.2659,182419.1414,4489,1,182419.1414,4489
2015-05-25,Mon,May,2015,256434.5099,276173.7925,6795,1,276173.7925,6795
2015-05-26,Tue,May,2015,199385.9124,214719.7528,5283,1,214719.7528,5283
2015-05-27,Wed,May,2015,243554.2243,262251.0801,6453,1,262251.0801,6453
2015-05-28,Thu,May,2015,217746.0129,234483.417,5770,1,234483.417,5770
2015-05-29,Fri,May,2015,472160.7521,508265.147,12507,1,508265.147,12507
2015-05-30,Sat,May,2015,546135.4624,588250.1812,14475,1,588250.1812,14475
2015-05-31,Sun,May,2015,264637.3653,284828.6597,7009,1,284828.6597,7009
2015-06-01,Mon,Jun,2015,440905.9987,474967.3276,11688,1,474967.3276,11688
2015-06-02,Tue,Jun,2015,334318.8978,360168.8271,8863,1,360168.8271,8863
2015-06-03,Wed,Jun,2015,269835.8286,290492.1063,7148,1,290492.1063,7148
2015-06-04,Thu,Jun,2015,201146.4893,216428.5004,5326,1,216428.5004,5326
2015-06-05,Fri,Jun,2015,293461.0839,315937.8622,7775,1,315937.8622,7775
2015-06-06,Sat,Jun,2015,349413.0098,376094.7218,9255,1,376094.7218,9255
2015-06-07,Sun,Jun,2015,179602.9152,193348.5914,4758,1,193348.5914,4758
2015-06-08,Mon,Jun,2015,109810.5457,106166.0816,2613,1,106166.0816,2613
2015-06-09,Tue,Jun,2015,76956.92035,74212.79057,1830,1,74212.79057,1830
2015-06-10,Wed,Jun,2015,71199.5884,68669.39496,1694,1,68669.39496,1694
2015-06-11,Thu,Jun,2015,68988.34667,66539.1652,1642,1,66539.1652,1642
2015-06-12,Fri,Jun,2015,155156.8792,149423.2436,3690,1,149423.2436,3690
2015-06-13,Sat,Jun,2015,185109.5231,178347.3694,4404,1,178347.3694,4404
2015-06-14,Sun,Jun,2015,83779.54401,80659.82181,1992,1,80659.82181,1992
2015-06-15,Mon,Jun,2015,149501.5745,143962.8719,3557,1,143962.8719,3557
2015-06-16,Tue,Jun,2015,100477.2968,96810.10358,2395,1,96810.10358,2395
2015-06-17,Wed,Jun,2015,89072.70535,85639.30775,2120,1,85639.30775,2120
2015-06-18,Thu,Jun,2015,78746.59586,75673.78199,1875,1,75673.78199,1875
2015-06-19,Fri,Jun,2015,141913.3824,136017.7504,3376,1,136017.7504,3376
2015-06-20,Sat,Jun,2015,169304.2783,162287.9092,4027,1,162287.9092,4027
2015-06-21,Sun,Jun,2015,89512.24284,85781.80703,2128,1,85781.80703,2128
2015-06-22,Mon,Jun,2015,85984.07534,82427.23154,2046,1,82427.23154,2046
2015-06-23,Tue,Jun,2015,64956.46208,62169.77712,1546,1,62169.77712,1546
2015-06-24,Wed,Jun,2015,106613.4328,113428.4743,2822,1,113428.4743,2822
2015-06-25,Thu,Jun,2015,183843.8173,195365.7307,4865,1,195365.7307,4865
2015-06-26,Fri,Jun,2015,319579.7941,339241.6918,8450,1,339241.6918,8450
2015-06-27,Sat,Jun,2015,369245.7587,392017.9735,9770,1,392017.9735,9770
2015-06-28,Sun,Jun,2015,185648.4911,197095.1087,4914,1,197095.1087,4914
2015-06-29,Mon,Jun,2015,165557.7618,175871.1109,4385,1,175871.1109,4385
2015-06-30,Tue,Jun,2015,212465.0832,225678.9345,5627,1,225678.9345,5627
2015-07-01,Wed,Jul,2015,305231.9081,324248.8415,8086,1,324248.8415,8086
2015-07-02,Thu,Jul,2015,250481.6177,266061.9284,6639,1,266061.9284,6639
2015-07-03,Fri,Jul,2015,268410.4807,284592.9947,7104,1,284592.9947,7104
2015-07-04,Sat,Jul,2015,316365.4987,335025.0764,8364,1,335025.0764,8364
2015-07-05,Sun,Jul,2015,156873.0437,165968.6245,4146,1,165968.6245,4146
2015-07-06,Mon,Jul,2015,173987.7515,184188.979,4601,1,184188.979,4601
2015-07-07,Tue,Jul,2015,135753.766,143799.5987,3593,1,143799.5987,3593
2015-07-08,Wed,Jul,2015,84426.50941,84588.96304,2114,1,84588.96304,2114
2015-07-09,Thu,Jul,2015,70815.19029,71913.06858,1797,1,71913.06858,1797
2015-07-10,Fri,Jul,2015,125983.1518,127884.5872,3195,1,127884.5872,3195
2015-07-11,Sat,Jul,2015,142378.184,143924.5651,3595,1,143924.5651,3595
2015-07-12,Sun,Jul,2015,57427.68071,58723.04053,1467,1,58723.04053,1467
2015-07-13,Mon,Jul,2015,63331.331,64690.05907,1610,1,64690.05907,1610
2015-07-14,Tue,Jul,2015,51241.02855,52509.91622,1307,1,52509.91622,1307
2015-07-15,Wed,Jul,2015,80326.44081,81730.2707,2050,1,81730.2707,2050
2015-07-16,Thu,Jul,2015,71912.56573,73762.62917,1849,1,73762.62917,1849
2015-07-17,Fri,Jul,2015,119204.3095,122669.6994,3070,1,122669.6994,3070
2015-07-18,Sat,Jul,2015,129441.2787,132493.4315,3322,1,132493.4315,3322
2015-07-19,Sun,Jul,2015,77645.74994,79555.63474,1982,1,79555.63474,1982
2015-07-20,Mon,Jul,2015,69926.65036,71362.51784,1787,1,71362.51784,1787
2015-07-21,Tue,Jul,2015,71973.0443,73851.7884,1846,1,73851.7884,1846
2015-07-22,Wed,Jul,2015,44304.89836,45468.83698,1142,1,45468.83698,1142
2015-07-23,Thu,Jul,2015,66799.72373,69323.64787,1734,1,69323.64787,1734
2015-07-24,Fri,Jul,2015,125689.5928,130428.2264,3259,1,130428.2264,3259
2015-07-25,Sat,Jul,2015,138624.945,143537.3952,3572,1,143537.3952,3572
2015-07-26,Sun,Jul,2015,81715.04533,85089.22343,2109,1,85089.22343,2109
2015-07-27,Mon,Jul,2015,86842.86136,90242.7941,2242,1,90242.7941,2242
2015-07-28,Tue,Jul,2015,56976.78528,59094.07686,1474,1,59094.07686,1474
2015-07-29,Wed,Jul,2015,53433.66803,55516.52556,1381,1,55516.52556,1381
2015-07-30,Thu,Jul,2015,55134.08182,57064.7507,1423,1,57064.7507,1423
2015-07-31,Fri,Jul,2015,145033.6108,149876.8733,3740,1,149876.8733,3740
2015-08-01,Sat,Aug,2015,173306.9065,178699.9759,4453,1,178699.9759,4453
2015-08-02,Sun,Aug,2015,88154.33871,90828.6617,2258,1,90828.6617,2258
2015-08-03,Mon,Aug,2015,81142.02785,83114.57681,2074,1,83114.57681,2074
2015-08-04,Tue,Aug,2015,77672.88278,80417.74644,2007,1,80417.74644,2007
2015-08-05,Wed,Aug,2015,75483.42255,78024.28468,1948,1,78024.28468,1948
2015-08-06,Thu,Aug,2015,74354.5701,76978.30524,1922,1,76978.30524,1922
2015-08-07,Fri,Aug,2015,120326.8763,123707.7616,3088,1,123707.7616,3088
2015-08-08,Sat,Aug,2015,131867.9935,135721.426,3388,1,135721.426,3388
2015-08-09,Sun,Aug,2015,75504.00274,77978.69447,1944,1,77978.69447,1944
2015-08-10,Mon,Aug,2015,69968.0777,72665.72553,1812,1,72665.72553,1812
2015-08-11,Tue,Aug,2015,60187.14905,62538.49328,1563,1,62538.49328,1563
2015-08-12,Wed,Aug,2015,44698.70075,46849.56715,1171,1,46849.56715,1171
2015-08-13,Thu,Aug,2015,39463.40906,41414.41837,1035,1,41414.41837,1035
2015-08-14,Fri,Aug,2015,85794.0969,89898.89423,2247,1,89898.89423,2247
2015-08-15,Sat,Aug,2015,117288.0101,122504.3572,3068,1,122504.3572,3068
2015-08-16,Sun,Aug,2015,71056.061,74589.17287,1866,1,74589.17287,1866
2015-08-17,Mon,Aug,2015,64394.07445,67505.25414,1690,1,67505.25414,1690
2015-08-18,Tue,Aug,2015,35165.97208,36841.96732,922,1,36841.96732,922
2015-08-19,Wed,Aug,2015,23234.1832,24104.08598,604,1,24104.08598,604
2015-08-20,Thu,Aug,2015,24754.95718,25407.17407,643,1,25407.17407,643
2015-08-21,Fri,Aug,2015,76691.28303,78691.95632,2006,1,78691.95632,2006
2015-08-22,Sat,Aug,2015,102231.2118,104713.0075,2677,1,104713.0075,2677
2015-08-23,Sun,Aug,2015,56974.86803,57548.98515,1467,1,57548.98515,1467
2015-08-24,Mon,Aug,2015,59442.73112,59785.42861,1528,1,59785.42861,1528
2015-08-25,Tue,Aug,2015,217683.3623,246975.7308,6360,1,246975.7308,6360
2015-08-26,Wed,Aug,2015,275458.8069,307092.2744,8035,1,307092.2744,8035
2015-08-27,Thu,Aug,2015,228731.8655,252845.4456,6675,1,252845.4456,6675
2015-08-28,Fri,Aug,2015,387639.12,426783.3022,11330,1,426783.3022,11330
2015-08-29,Sat,Aug,2015,461188.0049,504578.1888,13484,1,504578.1888,13484
2015-08-30,Sun,Aug,2015,202249.6772,220152.1868,5913,1,220152.1868,5913
2015-08-31,Mon,Aug,2015,332559.765,361970.2859,9721,1,361970.2859,9721
2015-09-01,Tue,Sep,2015,384806.7716,418101.5975,11257,1,418101.5975,11257
2015-09-02,Wed,Sep,2015,345776.2503,373816.1684,10102,1,373816.1684,10102
2015-09-03,Thu,Sep,2015,271551.0951,293343.874,7938,1,293343.874,7938
2015-09-04,Fri,Sep,2015,340440.2055,366359.6586,9936,1,366359.6586,9936
2015-09-05,Sat,Sep,2015,364416.7316,392128.3013,10643,1,392128.3013,10643
2015-09-06,Sun,Sep,2015,164719.6045,176647.8427,4800,1,176647.8427,4800
2015-09-07,Mon,Sep,2015,178921.0993,192507.5287,5228,1,192507.5287,5228
2015-09-08,Tue,Sep,2015,70286.99781,66639.69805,1810,1,66639.69805,1810
2015-09-09,Wed,Sep,2015,76013.6779,72211.10317,1961,1,72211.10317,1961
2015-09-10,Thu,Sep,2015,48406.78715,45316.54273,1232,1,45316.54273,1232
2015-09-11,Fri,Sep,2015,85940.02694,81559.84562,2194,1,81559.84562,2194
2015-09-12,Sat,Sep,2015,57381.75145,54340.89151,1469,1,54340.89151,1469
2015-09-13,Sun,Sep,2015,32479.79639,30763.68812,829,1,30763.68812,829
2015-09-14,Mon,Sep,2015,52160.18393,49656.00775,1329,1,49656.00775,1329
2015-09-15,Tue,Sep,2015,51002.83957,48601.9675,1300,1,48601.9675,1300
2015-09-16,Wed,Sep,2015,30194.71596,28605.4608,773,1,28605.4608,773
2015-09-17,Thu,Sep,2015,29751.22261,28084.23513,760,1,28084.23513,760
2015-09-18,Fri,Sep,2015,68504.63944,64881.97565,1755,1,64881.97565,1755
2015-09-19,Sat,Sep,2015,68996.56176,65211.57177,1766,1,65211.57177,1766
2015-09-20,Sun,Sep,2015,41855.92876,39629.45187,1078,1,39629.45187,1078
2015-09-21,Mon,Sep,2015,44303.46649,41485.45872,1124,1,41485.45872,1124
2015-09-22,Tue,Sep,2015,46599.29813,43806.73201,1182,1,43806.73201,1182
2015-09-23,Wed,Sep,2015,125182.7572,138583.8378,3725,1,138583.8378,3725
2015-09-24,Thu,Sep,2015,150036.805,167704.8554,4492,1,167704.8554,4492
2015-09-25,Fri,Sep,2015,368037.6919,413540.8072,11030,1,413540.8072,11030
2015-09-26,Sat,Sep,2015,351319.6381,397626.5851,10528,1,397626.5851,10528
2015-09-27,Sun,Sep,2015,163289.9367,185404.044,4895,1,185404.044,4895
2015-09-28,Mon,Sep,2015,190892.459,216571.0595,5720,1,216571.0595,5720
2015-09-29,Tue,Sep,2015,143082.1333,162929.0185,4288,1,162929.0185,4288
2015-09-30,Wed,Sep,2015,323548.7853,368434.8859,9693,1,368434.8859,9693
2015-10-01,Thu,Oct,2015,402312.3332,459285.8045,12065,1,459285.8045,12065
2015-10-02,Fri,Oct,2015,393635.1749,448390.9658,11758,1,448390.9658,11758
2015-10-03,Sat,Oct,2015,451100.0601,515549.3899,13508,1,515549.3899,13508
2015-10-04,Sun,Oct,2015,202902.6249,232360.3272,6085,1,232360.3272,6085
2015-10-05,Mon,Oct,2015,294557.6464,336897.9224,8828,1,336897.9224,8828
2015-10-06,Tue,Oct,2015,221618.3282,253291.0623,6636,1,253291.0623,6636
2015-10-07,Wed,Oct,2015,63968.38248,61942.84268,1622,1,61942.84268,1622
2015-10-08,Thu,Oct,2015,59609.54471,57736.47666,1512,1,57736.47666,1512
2015-10-09,Fri,Oct,2015,126588.253,122622.3631,3211,1,122622.3631,3211
2015-10-10,Sat,Oct,2015,119755.0116,116003.6869,3037,1,116003.6869,3037
2015-10-11,Sun,Oct,2015,57413.41048,55617.58464,1456,1,55617.58464,1456
2015-10-12,Mon,Oct,2015,57749.13694,55933.00858,1465,1,55933.00858,1465
2015-10-13,Tue,Oct,2015,40140.82003,38881.08844,1018,1,38881.08844,1018
2015-10-14,Wed,Oct,2015,42195.81736,40869.24947,1070,1,40869.24947,1070
2015-10-15,Thu,Oct,2015,53490.79747,51799.1659,1357,1,51799.1659,1357
2015-10-16,Fri,Oct,2015,110809.3158,107331.9805,2810,1,107331.9805,2810
2015-10-17,Sat,Oct,2015,111527.0135,108023.6073,2829,1,108023.6073,2829
2015-10-18,Sun,Oct,2015,59808.13867,57937.45866,1517,1,57937.45866,1517
2015-10-19,Mon,Oct,2015,55166.22623,53436.89709,1399,1,53436.89709,1399
2015-10-20,Tue,Oct,2015,42054.68047,40736.15048,1067,1,40736.15048,1067
2015-10-21,Wed,Oct,2015,53678.17911,51999.86087,1361,1,51999.86087,1361
2015-10-22,Thu,Oct,2015,55930.16864,54177.69006,1419,1,54177.69006,1419
2015-10-23,Fri,Oct,2015,185771.0015,192527.011,5042,1,192527.011,5042
2015-10-24,Sat,Oct,2015,253116.9132,262409.5694,6872,1,262409.5694,6872
2015-10-25,Sun,Oct,2015,118618.4537,122915.267,3218,1,122915.267,3218
2015-10-26,Mon,Oct,2015,123320.784,128133.7786,3347,1,128133.7786,3347
2015-10-27,Tue,Oct,2015,117051.2772,122175.0003,3177,1,122175.0003,3177
2015-10-28,Wed,Oct,2015,159299.9891,174699.0767,4532,1,174699.0767,4532
2015-10-29,Thu,Oct,2015,119047.4099,124349.2655,3231,1,124349.2655,3231
2015-10-30,Fri,Oct,2015,285081.9743,297627.6907,7731,1,297627.6907,7731
2015-10-31,Sat,Oct,2015,391656.2126,429832.8348,11148,1,429832.8348,11148
2015-11-01,Sun,Nov,2015,274814.7781,287978.1749,7459,1,287978.1749,7459
2015-11-02,Mon,Nov,2015,269555.0231,281915.1921,7316,1,281915.1921,7316
2015-11-03,Tue,Nov,2015,192001.0346,201125.7755,5211,1,201125.7755,5211
2015-11-04,Wed,Nov,2015,201367.787,220579.9956,5731,1,220579.9956,5731
2015-11-05,Thu,Nov,2015,111874.559,116637.0343,3036,1,116637.0343,3036
2015-11-06,Fri,Nov,2015,214540.3331,223738.4327,5822,1,223738.4327,5822
2015-11-07,Sat,Nov,2015,280264.2445,306935.1604,7987,1,306935.1604,7987
2015-11-08,Sun,Nov,2015,134136.7287,140236.3033,3640,1,140236.3033,3640
2015-11-09,Mon,Nov,2015,94243.46553,89949.30417,2338,1,89949.30417,2338
2015-11-10,Tue,Nov,2015,131436.1979,143823.3864,3744,1,143823.3864,3744
2015-11-11,Wed,Nov,2015,147893.9415,161665.6006,4216,1,161665.6006,4216
2015-11-12,Thu,Nov,2015,140238.3905,153481.4534,4000,1,153481.4534,4000
2015-11-13,Fri,Nov,2015,358183.774,391310.3207,10204,1,391310.3207,10204
2015-11-14,Sat,Nov,2015,377937.1387,413010.229,10769,1,413010.229,10769
2015-11-15,Sun,Nov,2015,168729.9624,184673.4885,4803,1,184673.4885,4803
2015-11-16,Mon,Nov,2015,177192.5698,193615.3037,5042,1,193615.3037,5042
2015-11-17,Tue,Nov,2015,152368.7491,166625.365,4342,1,166625.365,4342
2015-11-18,Wed,Nov,2015,147471.8049,161402.9187,4202,1,161402.9187,4202
2015-11-19,Thu,Nov,2015,145697.152,159317.6094,4151,1,159317.6094,4151
2015-11-20,Fri,Nov,2015,301033.9865,328965.1433,8567,1,328965.1433,8567
2015-11-21,Sat,Nov,2015,309518.0721,338720.0236,8811,1,338720.0236,8811
2015-11-22,Sun,Nov,2015,152504.6317,167600.6509,4345,1,167600.6509,4345
2015-11-23,Mon,Nov,2015,79711.58341,74375.78871,1937,1,74375.78871,1937
2015-11-24,Tue,Nov,2015,111021.3791,121456.524,3160,1,121456.524,3160
2015-11-25,Wed,Nov,2015,243161.2592,266054.3699,6924,1,266054.3699,6924
2015-11-26,Thu,Nov,2015,311443.1812,355343.8718,9273,1,355343.8718,9273
2015-11-27,Fri,Nov,2015,375876.0134,431325.6867,11257,1,431325.6867,11257
2015-11-28,Sat,Nov,2015,434639.659,498895.6186,13019,1,498895.6186,13019
2015-11-29,Sun,Nov,2015,238637.8164,274093.578,7139,1,274093.578,7139
2015-11-30,Mon,Nov,2015,260653.667,283981.1507,7423,1,283981.1507,7423
2015-12-01,Tue,Dec,2015,262394.78,285838.5568,7474,1,285838.5568,7474
2015-12-02,Wed,Dec,2015,248437.7113,269807.6204,7056,1,269807.6204,7056
2015-12-03,Thu,Dec,2015,201048.8305,219110.3932,5732,1,219110.3932,5732
2015-12-04,Fri,Dec,2015,317690.7609,345449.5299,9038,1,345449.5299,9038
2015-12-05,Sat,Dec,2015,378527.8726,410385.037,10737,1,410385.037,10737
2015-12-06,Sun,Dec,2015,195425.3911,210461.3862,5505,1,210461.3862,5505
2015-12-07,Mon,Dec,2015,90441.60337,83999.59125,2198,1,83999.59125,2198
2015-12-08,Tue,Dec,2015,117649.0006,121640.3798,3190,1,121640.3798,3190
2015-12-09,Wed,Dec,2015,141285.3955,145443.0466,3814,1,145443.0466,3814
2015-12-10,Thu,Dec,2015,133183.6937,137725.8761,3610,1,137725.8761,3610
2015-12-11,Fri,Dec,2015,229672.2563,237672.0164,6227,1,237672.0164,6227
2015-12-12,Sat,Dec,2015,333488.7979,359621.0749,9422,1,359621.0749,9422
2015-12-13,Sun,Dec,2015,185422.8856,191390.4013,5014,1,191390.4013,5014
2015-12-14,Mon,Dec,2015,173833.1332,179871.0533,4715,1,179871.0533,4715
2015-12-15,Tue,Dec,2015,220271.7214,237123.3433,6212,1,237123.3433,6212
2015-12-16,Wed,Dec,2015,234468.0712,251493.9089,6585,1,251493.9089,6585
2015-12-17,Thu,Dec,2015,213778.1381,230994.3552,6051,1,230994.3552,6051
2015-12-18,Fri,Dec,2015,273563.0148,295854.5523,7750,1,295854.5523,7750
2015-12-19,Sat,Dec,2015,337506.7884,362223.1609,9490,1,362223.1609,9490
2015-12-20,Sun,Dec,2015,155312.7839,167421.9737,4382,1,167421.9737,4382
2015-12-21,Mon,Dec,2015,289243.3831,312784.9743,8196,1,312784.9743,8196
2015-12-22,Tue,Dec,2015,313125.3325,338299.6178,8863,1,338299.6178,8863
2015-12-23,Wed,Dec,2015,268330.3927,249584.2152,6534,1,249584.2152,6534
2015-12-24,Thu,Dec,2015,392228.138,364396.1942,9540,1,364396.1942,9540
2015-12-25,Fri,Dec,2015,133728.9837,124363.5573,3256,1,124363.5573,3256
2015-12-26,Sat,Dec,2015,82778.44405,76876.4927,2013,1,76876.4927,2013
2015-12-27,Sun,Dec,2015,69522.83697,64616.07665,1692,1,64616.07665,1692
2015-12-28,Mon,Dec,2015,133021.2728,123500.7878,3234,1,123500.7878,3234
2015-12-29,Tue,Dec,2015,161267.5206,175378.1459,4592,1,175378.1459,4592
2015-12-30,Wed,Dec,2015,208583.218,227060.2627,5945,1,227060.2627,5945
2015-12-31,Thu,Dec,2015,325457.525,353929.7384,9266,1,353929.7384,9266
2016-01-01,Fri,Jan,2016,111650.2398,121448.2838,3179,1,121448.2838,3179
2016-01-02,Sat,Jan,2016,262421.2819,285675.8457,7479,1,285675.8457,7479
2016-01-03,Sun,Jan,2016,164527.5389,179308.9495,4694,1,179308.9495,4694
2016-01-04,Mon,Jan,2016,274990.1465,299576.2414,7843,1,299576.2414,7843
2016-01-05,Tue,Jan,2016,215737.8428,234642.0857,6150,1,234642.0857,6150
2016-01-06,Wed,Jan,2016,98646.9827,91610.56,2401,1,91610.56,2401
2016-01-07,Thu,Jan,2016,74401.21529,68988.86126,1808,1,68988.86126,1808
2016-01-08,Fri,Jan,2016,106592.343,99021.68292,2594,1,99021.68292,2594
2016-01-09,Sat,Jan,2016,134629.6582,124963.4655,3274,1,124963.4655,3274
2016-01-10,Sun,Jan,2016,90773.65306,84299.28824,2207,1,84299.28824,2207
2016-01-11,Mon,Jan,2016,121373.0682,112550.4323,2949,1,112550.4323,2949
2016-01-12,Tue,Jan,2016,99445.5571,92226.5181,2417,1,92226.5181,2417
2016-01-13,Wed,Jan,2016,67587.54693,62760.35683,1644,1,62760.35683,1644
2016-01-14,Thu,Jan,2016,61685.93524,57191.43932,1499,1,57191.43932,1499
2016-01-15,Fri,Jan,2016,150006.9298,139244.8958,3648,1,139244.8958,3648
2016-01-16,Sat,Jan,2016,191287.3535,177577.2872,4652,1,177577.2872,4652
2016-01-17,Sun,Jan,2016,92595.46084,86018.18961,2252,1,86018.18961,2252
2016-01-18,Mon,Jan,2016,96947.05429,89961.3595,2357,1,89961.3595,2357
2016-01-19,Tue,Jan,2016,70512.8945,65453.27639,1715,1,65453.27639,1715
2016-01-20,Wed,Jan,2016,159590.4901,182351.1388,4776,1,182351.1388,4776
2016-01-21,Thu,Jan,2016,67046.27342,61894.26256,1628,1,61894.26256,1628
2016-01-22,Fri,Jan,2016,266949.2388,294322.9272,7806,1,294322.9272,7806
2016-01-23,Sat,Jan,2016,315272.2248,346093.067,9210,1,346093.067,9210
2016-01-24,Sun,Jan,2016,149138.9215,163505.713,4351,1,163505.713,4351
2016-01-25,Mon,Jan,2016,215171.0382,234621.5989,6278,1,234621.5989,6278
2016-01-26,Tue,Jan,2016,205197.8984,221931.5801,5992,1,221931.5801,5992
2016-01-27,Wed,Jan,2016,214452.2484,231730.2327,6265,1,231730.2327,6265
2016-01-28,Thu,Jan,2016,195767.9736,210639.8482,5723,1,210639.8482,5723
2016-01-29,Fri,Jan,2016,397984.3293,437198.9296,11900,1,437198.9296,11900
2016-01-30,Sat,Jan,2016,512603.1035,561872.206,15345,1,561872.206,15345
2016-01-31,Sun,Jan,2016,218104.0669,238662.1921,6525,1,238662.1921,6525
2016-02-01,Mon,Feb,2016,339004.3369,371177.1869,10153,1,371177.1869,10153
2016-02-02,Tue,Feb,2016,278116.3693,295645.6291,8116,1,295645.6291,8116
2016-02-03,Wed,Feb,2016,264159.3006,280392.2736,7712,1,280392.2736,7712
2016-02-04,Thu,Feb,2016,197778.1337,209372.2922,5759,1,209372.2922,5759
2016-02-05,Fri,Feb,2016,325749.0089,345287.8115,9501,1,345287.8115,9501
2016-02-06,Sat,Feb,2016,371561.9764,393884.433,10840,1,393884.433,10840
2016-02-07,Sun,Feb,2016,174581.6768,185040.8173,5089,1,185040.8173,5089
2016-02-08,Mon,Feb,2016,208489.3694,221372.8369,6087,1,221372.8369,6087
2016-02-09,Tue,Feb,2016,84495.16667,74682.26682,2053,1,74682.26682,2053
2016-02-10,Wed,Feb,2016,76661.25003,66379.5636,1825,1,66379.5636,1825
2016-02-11,Thu,Feb,2016,64034.94046,55491.33853,1525,1,55491.33853,1525
2016-02-12,Fri,Feb,2016,148839.9749,129583.4921,3542,1,129583.4921,3542
2016-02-13,Sat,Feb,2016,172541.5079,150538.9837,4105,1,150538.9837,4105
2016-02-14,Sun,Feb,2016,87991.663,76378.50464,2094,1,76378.50464,2094
2016-02-15,Mon,Feb,2016,123445.3816,108669.2254,2940,1,108669.2254,2940
2016-02-16,Tue,Feb,2016,77344.69187,68269.24884,1841,1,68269.24884,1841
2016-02-17,Wed,Feb,2016,158963.0249,167521.5259,4529,1,167521.5259,4529
2016-02-18,Thu,Feb,2016,69598.07115,61492.96831,1658,1,61492.96831,1658
2016-02-19,Fri,Feb,2016,161275.6022,143446.3583,3841,1,143446.3583,3841
2016-02-20,Sat,Feb,2016,325215.0768,345446.0018,9260,1,345446.0018,9260
2016-02-21,Sun,Feb,2016,96957.29584,86455.49438,2308,1,86455.49438,2308
2016-02-22,Mon,Feb,2016,85224.47709,75960.71802,2028,1,75960.71802,2028
2016-02-23,Tue,Feb,2016,54612.87884,49071.80254,1301,1,49071.80254,1301
2016-02-24,Wed,Feb,2016,81530.61238,81738.05644,2213,1,81738.05644,2213
2016-02-25,Thu,Feb,2016,160947.5326,162597.4968,4404,1,162597.4968,4404
2016-02-26,Fri,Feb,2016,188736.2474,183103.2337,4935,1,183103.2337,4935
2016-02-27,Sat,Feb,2016,215951.5079,210032.7881,5609,1,210032.7881,5609
2016-02-28,Sun,Feb,2016,134995.8545,129938.7058,3452,1,129938.7058,3452
2016-02-29,Mon,Feb,2016,163079.378,160332.5894,4270,1,160332.5894,4270
2016-03-01,Tue,Mar,2016,180828.6741,182962.337,4719,1,182962.337,4719
2016-03-02,Wed,Mar,2016,171196.1752,174428.6809,4451,1,174428.6809,4451
2016-03-03,Thu,Mar,2016,129719.0505,131961.9325,3364,1,131961.9325,3364
2016-03-04,Fri,Mar,2016,142127.6421,144039.4137,3665,1,144039.4137,3665
2016-03-05,Sat,Mar,2016,152124.4079,153377.512,3889,1,153377.512,3889
2016-03-06,Sun,Mar,2016,74132.78702,74332.27948,1882,1,74332.27948,1882
2016-03-07,Mon,Mar,2016,91143.02861,95167.52873,2405,1,95167.52873,2405
2016-03-08,Tue,Mar,2016,60528.09336,62342.88117,1577,1,62342.88117,1577
2016-03-09,Wed,Mar,2016,38340.59961,35918.33515,913,1,35918.33515,913
2016-03-10,Thu,Mar,2016,37453.00618,35108.20011,892,1,35108.20011,892
2016-03-11,Fri,Mar,2016,77997.04501,73051.67554,1855,1,73051.67554,1855
2016-03-12,Sat,Mar,2016,79752.28268,74962.8164,1897,1,74962.8164,1897
2016-03-13,Sun,Mar,2016,37155.58848,34962.8305,883,1,34962.8305,883
2016-03-14,Mon,Mar,2016,45046.51321,42368.04535,1071,1,42368.04535,1071
2016-03-15,Tue,Mar,2016,55489.33276,52263.05699,1320,1,52263.05699,1320
2016-03-16,Wed,Mar,2016,41893.30316,39495.4559,997,1,39495.4559,997
2016-03-17,Thu,Mar,2016,34348.50419,32292.8376,817,1,32292.8376,817
2016-03-18,Fri,Mar,2016,78276.83122,73746.75871,1866,1,73746.75871,1866
2016-03-19,Sat,Mar,2016,92851.40266,87451.56618,2211,1,87451.56618,2211
2016-03-20,Sun,Mar,2016,54845.7893,51625.51172,1304,1,51625.51172,1304
2016-03-21,Mon,Mar,2016,48037.7999,45187.64158,1143,1,45187.64158,1143
2016-03-22,Tue,Mar,2016,65905.72326,62023.8813,1573,1,62023.8813,1573
2016-03-23,Wed,Mar,2016,84870.0513,81472.82718,2065,1,81472.82718,2065
2016-03-24,Thu,Mar,2016,262459.5057,259298.4566,6588,1,259298.4566,6588
2016-03-25,Fri,Mar,2016,228124.398,222208.3504,5652,1,222208.3504,5652
2016-03-26,Sat,Mar,2016,162929.4921,161434.8151,4103,1,161434.8151,4103
2016-03-27,Sun,Mar,2016,58359.83218,57681.56988,1466,1,57681.56988,1466
2016-03-28,Mon,Mar,2016,85605.33192,85022.38092,2162,1,85022.38092,2162
2016-03-29,Tue,Mar,2016,84836.41434,84595.21793,2155,1,84595.21793,2155
2016-03-30,Wed,Mar,2016,64308.91422,68427.59467,1746,1,68427.59467,1746
2016-03-31,Thu,Mar,2016,131168.4855,138589.1001,3554,1,138589.1001,3554
2016-04-01,Fri,Apr,2016,232410.198,245358.63,6282,1,245358.63,6282
2016-04-02,Sat,Apr,2016,195831.0975,205442.8281,5259,1,205442.8281,5259
2016-04-03,Sun,Apr,2016,90716.54789,95543.13365,2446,1,95543.13365,2446
2016-04-04,Mon,Apr,2016,131638.0196,130700.1889,3345,1,130700.1889,3345
2016-04-05,Tue,Apr,2016,81910.87262,79969.51055,2048,1,79969.51055,2048
2016-04-06,Wed,Apr,2016,54821.90851,50800.00851,1303,1,50800.00851,1303
2016-04-07,Thu,Apr,2016,155615.4194,171592.1259,4413,1,171592.1259,4413
2016-04-08,Fri,Apr,2016,264086.8938,291378.5798,7494,1,291378.5798,7494
2016-04-09,Sat,Apr,2016,272761.2975,298164.4161,7738,1,298164.4161,7738
2016-04-10,Sun,Apr,2016,104689.4279,113609.3043,2958,1,113609.3043,2958
2016-04-11,Mon,Apr,2016,131170.5969,142022.8126,3713,1,142022.8126,3713
2016-04-12,Tue,Apr,2016,123179.4894,132714.9602,3504,1,132714.9602,3504
2016-04-13,Wed,Apr,2016,124431.0464,132889.0569,3534,1,132889.0569,3534
2016-04-14,Thu,Apr,2016,162166.836,172225.6527,4601,1,172225.6527,4601
2016-04-15,Fri,Apr,2016,354042.0232,373200.306,10045,1,373200.306,10045
2016-04-16,Sat,Apr,2016,327352.2614,345338.6281,9301,1,345338.6281,9301
2016-04-17,Sun,Apr,2016,164809.303,175167.4288,4678,1,175167.4288,4678
2016-04-18,Mon,Apr,2016,151157.7943,159828.765,4294,1,159828.765,4294
2016-04-19,Tue,Apr,2016,126895.9365,133726.2806,3606,1,133726.2806,3606
2016-04-20,Wed,Apr,2016,166395.4458,179020.5425,4838,1,179020.5425,4838
2016-04-21,Thu,Apr,2016,167796.3548,182485.0989,4914,1,182485.0989,4914
2016-04-22,Fri,Apr,2016,351146.017,380098.1564,10269,1,380098.1564,10269
2016-04-23,Sat,Apr,2016,420738.8218,455415.3493,12317,1,455415.3493,12317
2016-04-24,Sun,Apr,2016,186166.1508,202391.1787,5453,1,202391.1787,5453
2016-04-25,Mon,Apr,2016,251449.5296,273255.0985,7372,1,273255.0985,7372
2016-04-26,Tue,Apr,2016,280321.8107,302469.832,8211,1,302469.832,8211
2016-04-27,Wed,Apr,2016,313434.9333,337931.117,9182,1,337931.117,9182
2016-04-28,Thu,Apr,2016,257324.6031,276852.1799,7520,1,276852.1799,7520
2016-04-29,Fri,Apr,2016,455554.336,489215.0675,13321,1,489215.0675,13321
2016-04-30,Sat,Apr,2016,556865.2033,598925.6679,16276,1,598925.6679,16276
2016-05-01,Sun,May,2016,354856.0449,380511.1592,10388,1,380511.1592,10388
2016-05-02,Mon,May,2016,283284.5813,304997.8518,8298,1,304997.8518,8298
2016-05-03,Tue,May,2016,297500.674,319786.3595,8717,1,319786.3595,8717
2016-05-04,Wed,May,2016,285968.4878,305506.9982,8364,1,305506.9982,8364
2016-05-05,Thu,May,2016,237946.6327,254527.4155,6968,1,254527.4155,6968
2016-05-06,Fri,May,2016,340851.5059,364361.0329,9973,1,364361.0329,9973
2016-05-07,Sat,May,2016,388187.6014,414644.6235,11363,1,414644.6235,11363
2016-05-08,Sun,May,2016,139178.9841,148731.0905,4074,1,148731.0905,4074
2016-05-09,Mon,May,2016,66400.30305,57741.73891,1579,1,57741.73891,1579
2016-05-10,Tue,May,2016,42723.52446,37112.98506,1016,1,37112.98506,1016
2016-05-11,Wed,May,2016,35014.39948,30393.74012,832,1,30393.74012,832
2016-05-12,Thu,May,2016,27210.40663,23570.15916,647,1,23570.15916,647
2016-05-13,Fri,May,2016,79840.08825,69078.71414,1898,1,69078.71414,1898
2016-05-14,Sat,May,2016,82484.44829,71426.01164,1961,1,71426.01164,1961
2016-05-15,Sun,May,2016,51497.23734,44611.93968,1224,1,44611.93968,1224
2016-05-16,Mon,May,2016,42871.83287,37139.30826,1019,1,37139.30826,1019
2016-05-17,Tue,May,2016,39104.6391,33890.36043,930,1,33890.36043,930
2016-05-18,Wed,May,2016,34406.75001,29884.33059,818,1,29884.33059,818
2016-05-19,Thu,May,2016,39403.65856,34229.63192,937,1,34229.63192,937
2016-05-20,Fri,May,2016,96830.90242,83926.0035,2302,1,83926.0035,2302
2016-05-21,Sat,May,2016,99380.3946,86179.51339,2363,1,86179.51339,2363
2016-05-22,Sun,May,2016,61656.18133,53463.73456,1466,1,53463.73456,1466
2016-05-23,Mon,May,2016,69163.55737,59948.43871,1644,1,59948.43871,1644
2016-05-24,Tue,May,2016,113112.865,117414.6989,3224,1,117414.6989,3224
2016-05-25,Wed,May,2016,253686.3025,268974.5707,7392,1,268974.5707,7392
2016-05-26,Thu,May,2016,210305.2919,223289.0846,6138,1,223289.0846,6138
2016-05-27,Fri,May,2016,364087.4243,386499.8964,10624,1,386499.8964,10624
2016-05-28,Sat,May,2016,397480.3695,421674.1019,11590,1,421674.1019,11590
2016-05-29,Sun,May,2016,204028.1768,216777.3157,5959,1,216777.3157,5959
2016-05-30,Mon,May,2016,172797.9351,183715.8072,5048,1,183715.8072,5048
2016-05-31,Tue,May,2016,258970.6541,274386.0154,7542,1,274386.0154,7542
2016-06-01,Wed,Jun,2016,368789.5726,391923.6596,10761,1,391923.6596,10761
2016-06-02,Thu,Jun,2016,278071.3866,295548.2416,8120,1,295548.2416,8120
2016-06-03,Fri,Jun,2016,373959.362,396324.1787,10896,1,396324.1787,10896
2016-06-04,Sat,Jun,2016,402057.2529,426466.1322,11726,1,426466.1322,11726
2016-06-05,Sun,Jun,2016,205719.4532,218408.1821,6007,1,218408.1821,6007
2016-06-06,Mon,Jun,2016,177626.9501,188629.7542,5185,1,188629.7542,5185
2016-06-07,Tue,Jun,2016,70441.90741,60910.7484,1675,1,60910.7484,1675
2016-06-08,Wed,Jun,2016,162923.8496,173292.6811,4765,1,173292.6811,4765
2016-06-09,Thu,Jun,2016,138752.5276,143791.4781,3953,1,143791.4781,3953
2016-06-10,Fri,Jun,2016,252458.2622,261502.3818,7190,1,261502.3818,7190
2016-06-11,Sat,Jun,2016,293917.8525,311853.5205,8577,1,311853.5205,8577
2016-06-12,Sun,Jun,2016,138350.1218,143346.6746,3943,1,143346.6746,3943
2016-06-13,Mon,Jun,2016,130067.2756,134950.5665,3707,1,134950.5665,3707
2016-06-14,Tue,Jun,2016,107168.6611,111173.1585,3054,1,111173.1585,3054
2016-06-15,Wed,Jun,2016,224030.5544,237934.7342,6541,1,237934.7342,6541
2016-06-16,Thu,Jun,2016,201918.2221,209095.5697,5749,1,209095.5697,5749
2016-06-17,Fri,Jun,2016,329344.2683,341253.3296,9385,1,341253.3296,9385
2016-06-18,Sat,Jun,2016,308642.9772,327672.0415,9012,1,327672.0415,9012
2016-06-19,Sun,Jun,2016,134472.4066,139385.8762,3831,1,139385.8762,3831
2016-06-20,Mon,Jun,2016,143809.7206,148953.9109,4097,1,148953.9109,4097
2016-06-21,Tue,Jun,2016,123252.1511,127533.0093,3509,1,127533.0093,3509
2016-06-22,Wed,Jun,2016,40067.15121,34559.08452,953,1,34559.08452,953
2016-06-23,Thu,Jun,2016,143752.7368,155659.5337,4305,1,155659.5337,4305
2016-06-24,Fri,Jun,2016,389904.0086,422372.5816,11667,1,422372.5816,11667
2016-06-25,Sat,Jun,2016,461280.7856,498910.329,13793,1,498910.329,13793
2016-06-26,Sun,Jun,2016,221578.6968,240449.6223,6641,1,240449.6223,6641
2016-06-27,Mon,Jun,2016,253702.223,274426.0803,7593,1,274426.0803,7593
2016-06-28,Tue,Jun,2016,200616.0762,217104.5797,6007,1,217104.5797,6007
2016-06-29,Wed,Jun,2016,211700.8132,229023.8107,6345,1,229023.8107,6345
2016-06-30,Thu,Jun,2016,282757.7114,305894.1801,8482,1,305894.1801,8482
2016-07-01,Fri,Jul,2016,479010.1567,517742.1926,14344,1,517742.1926,14344
2016-07-02,Sat,Jul,2016,454543.2858,490487.0246,13609,1,490487.0246,13609
2016-07-03,Sun,Jul,2016,242185.1807,261534.912,7259,1,261534.912,7259
2016-07-04,Mon,Jul,2016,281531.6856,304052.477,8431,1,304052.477,8431
2016-07-05,Tue,Jul,2016,219363.2201,237026.3505,6577,1,237026.3505,6577
2016-07-06,Wed,Jul,2016,204005.5822,219722.895,6098,1,219722.895,6098
2016-07-07,Thu,Jul,2016,69579.06846,59598.9178,1654,1,59598.9178,1654
2016-07-08,Fri,Jul,2016,87184.74003,74654.52042,2073,1,74654.52042,2073
2016-07-09,Sat,Jul,2016,78700.43605,67367.38324,1871,1,67367.38324,1871
2016-07-10,Sun,Jul,2016,39809.55909,34091.56966,946,1,34091.56966,946
2016-07-11,Mon,Jul,2016,45839.23877,39231.19537,1090,1,39231.19537,1090
2016-07-12,Tue,Jul,2016,36851.76375,31574.32547,876,1,31574.32547,876
2016-07-13,Wed,Jul,2016,33225.67047,28489.0814,790,1,28489.0814,790
2016-07-14,Thu,Jul,2016,30423.39146,26053.79672,723,1,26053.79672,723
2016-07-15,Fri,Jul,2016,80345.63766,68788.09454,1910,1,68788.09454,1910
2016-07-16,Sat,Jul,2016,95297.33863,81655.85773,2266,1,81655.85773,2266
2016-07-17,Sun,Jul,2016,45324.05453,38809.8089,1078,1,38809.8089,1078
2016-07-18,Mon,Jul,2016,51604.11841,44222.78448,1227,1,44222.78448,1227
2016-07-19,Tue,Jul,2016,37870.11903,32436.79597,900,1,32436.79597,900
2016-07-20,Wed,Jul,2016,42723.52446,36607.39066,1016,1,36607.39066,1016
2016-07-21,Thu,Jul,2016,35169.91581,30133.31864,836,1,30133.31864,836
2016-07-22,Fri,Jul,2016,61148.20501,52384.44748,1454,1,52384.44748,1454
2016-07-23,Sat,Jul,2016,77171.7018,66113.83204,1835,1,66113.83204,1835
2016-07-24,Sun,Jul,2016,40881.35491,35019.11264,972,1,35019.11264,972
2016-07-25,Mon,Jul,2016,43085.59501,36887.36617,1024,1,36887.36617,1024
2016-07-26,Tue,Jul,2016,43894.99343,37604.65842,1044,1,37604.65842,1044
2016-07-27,Wed,Jul,2016,67780.72889,58196.14599,1611,1,58196.14599,1611
2016-07-28,Thu,Jul,2016,51907.94315,44544.63074,1234,1,44544.63074,1234
2016-07-29,Fri,Jul,2016,93508.63389,80346.69413,2223,1,80346.69413,2223
2016-07-30,Sat,Jul,2016,95343.59551,81874.28886,2267,1,81874.28886,2267
2016-07-31,Sun,Jul,2016,59514.99233,51145.40334,1415,1,51145.40334,1415
2016-08-01,Mon,Aug,2016,65133.9662,55946.05656,1548,1,55946.05656,1548
2016-08-02,Tue,Aug,2016,70641.25372,60629.553,1679,1,60629.553,1679
2016-08-03,Wed,Aug,2016,48442.17148,41610.78394,1152,1,41610.78394,1152
2016-08-04,Thu,Aug,2016,46291.37192,39783.36067,1101,1,39783.36067,1101
2016-08-05,Fri,Aug,2016,73453.14329,63386.49259,1746,1,63386.49259,1746
2016-08-06,Sat,Aug,2016,71508.89795,61500.57465,1700,1,61500.57465,1700
2016-08-07,Sun,Aug,2016,30066.12618,25872.48835,715,1,25872.48835,715
2016-08-08,Mon,Aug,2016,37726.6159,32490.13602,897,1,32490.13602,897
2016-08-09,Tue,Aug,2016,30831.69463,26577.07945,733,1,26577.07945,733
2016-08-10,Wed,Aug,2016,146811.4551,155135.6291,4282,1,155135.6291,4282
2016-08-11,Thu,Aug,2016,99867.32962,103826.7014,2867,1,103826.7014,2867
2016-08-12,Fri,Aug,2016,210664.8628,220379.2767,6082,1,220379.2767,6082
2016-08-13,Sat,Aug,2016,266271.0391,281658.4183,7771,1,281658.4183,7771
2016-08-14,Sun,Aug,2016,123084.0391,129601.5272,3576,1,129601.5272,3576
2016-08-15,Mon,Aug,2016,162727.5248,168580.1706,4649,1,168580.1706,4649
2016-08-16,Tue,Aug,2016,114708.946,119758.0617,3302,1,119758.0617,3302
2016-08-17,Wed,Aug,2016,122318.9075,128298.3435,3536,1,128298.3435,3536
2016-08-18,Thu,Aug,2016,112010.3445,117374.1916,3236,1,117374.1916,3236
2016-08-19,Fri,Aug,2016,229861.4703,241090.1336,6646,1,241090.1336,6646
2016-08-20,Sat,Aug,2016,249981.2497,262145.1773,7220,1,262145.1773,7220
2016-08-21,Sun,Aug,2016,136480.2491,143734.2272,3958,1,143734.2272,3958
2016-08-22,Mon,Aug,2016,127369.8026,133350.1614,3672,1,133350.1614,3672
2016-08-23,Tue,Aug,2016,43537.72816,37649.38753,1035,1,37649.38753,1035
2016-08-24,Wed,Aug,2016,120407.4133,127699.4159,3549,1,127699.4159,3549
2016-08-25,Thu,Aug,2016,226375.5431,240429.6855,6647,1,240429.6855,6647
2016-08-26,Fri,Aug,2016,337900.1782,358772.2504,9908,1,358772.2504,9908
2016-08-27,Sat,Aug,2016,355069.5401,376755.5645,10393,1,376755.5645,10393
2016-08-28,Sun,Aug,2016,153893.6852,163401.3292,4507,1,163401.3292,4507
2016-08-29,Mon,Aug,2016,159625.7409,169479.1061,4672,1,169479.1061,4672
2016-08-30,Tue,Aug,2016,133961.967,142299.9178,3924,1,142299.9178,3924
2016-08-31,Wed,Aug,2016,236305.1564,250572.4534,6918,1,250572.4534,6918
2016-09-01,Thu,Sep,2016,313491.7351,333030.8757,9183,1,333030.8757,9183
2016-09-02,Fri,Sep,2016,370355.0017,392493.0827,10830,1,392493.0827,10830
2016-09-03,Sat,Sep,2016,369091.0554,391842.5014,10800,1,391842.5014,10800
2016-09-04,Sun,Sep,2016,209026.0197,222163.7289,6119,1,222163.7289,6119
2016-09-05,Mon,Sep,2016,228177.3168,242589.5872,6685,1,242589.5872,6685
2016-09-06,Tue,Sep,2016,154494.782,164108.8264,4519,1,164108.8264,4519
2016-09-07,Wed,Sep,2016,50736.47417,43830.19685,1206,1,43830.19685,1206
2016-09-08,Thu,Sep,2016,43292.14924,37391.68089,1029,1,37391.68089,1029
2016-09-09,Fri,Sep,2016,77335.9186,69612.1267,1917,1,69612.1267,1917
2016-09-10,Sat,Sep,2016,85070.23489,76591.85292,2108,1,76591.85292,2108
2016-09-11,Sun,Sep,2016,48831.66611,44014.23202,1211,1,44014.23202,1211
2016-09-12,Mon,Sep,2016,52075.15718,46884.14251,1291,1,46884.14251,1291
2016-09-13,Tue,Sep,2016,30424.72626,27398.58813,755,1,27398.58813,755
2016-09-14,Wed,Sep,2016,20495.11303,18375.05261,508,1,18375.05261,508
2016-09-15,Thu,Sep,2016,40742.17168,36464.75981,1010,1,36464.75981,1010
2016-09-16,Fri,Sep,2016,69864.83699,62545.19068,1733,1,62545.19068,1733
2016-09-17,Sat,Sep,2016,100120.7111,89572.40762,2482,1,89572.40762,2482
2016-09-18,Sun,Sep,2016,49825.09704,44593.79688,1235,1,44593.79688,1235
2016-09-19,Mon,Sep,2016,46566.46205,41660.44043,1155,1,41660.44043,1155
2016-09-20,Tue,Sep,2016,37923.76586,34031.14949,940,1,34031.14949,940
2016-09-21,Wed,Sep,2016,50084.8127,44832.2126,1241,1,44832.2126,1241
2016-09-22,Thu,Sep,2016,41885.82828,37565.47859,1039,1,37565.47859,1039
2016-09-23,Fri,Sep,2016,147503.5732,131964.5158,3657,1,131964.5158,3657
2016-09-24,Sat,Sep,2016,151639.1838,135498.1632,3758,1,135498.1632,3758
2016-09-25,Sun,Sep,2016,72457.29759,64758.50417,1797,1,64758.50417,1797
2016-09-26,Mon,Sep,2016,67355.06118,60179.02085,1671,1,60179.02085,1671
2016-09-27,Tue,Sep,2016,58941.79283,52812.78251,1462,1,52812.78251,1462
2016-09-28,Wed,Sep,2016,58796.78502,57168.5605,1581,1,57168.5605,1581
2016-09-29,Thu,Sep,2016,57019.38967,55187.38391,1534,1,55187.38391,1534
2016-09-30,Fri,Sep,2016,155918.3826,151036.4455,4216,1,151036.4455,4216
2016-10-01,Sat,Oct,2016,208489.0903,201416.8376,5632,1,201416.8376,5632
2016-10-02,Sun,Oct,2016,118580.4726,113346.9573,3173,1,113346.9573,3173
2016-10-03,Mon,Oct,2016,142758.8811,126506.3447,3540,1,126506.3447,3540
2016-10-04,Tue,Oct,2016,96620.98693,85491.83324,2397,1,85491.83324,2397
2016-10-05,Wed,Oct,2016,78861.59494,69675.42915,1955,1,69675.42915,1955
2016-10-06,Thu,Oct,2016,70279.47439,61976.30579,1740,1,61976.30579,1740
2016-10-07,Fri,Oct,2016,87748.86289,77446.60944,2176,1,77446.60944,2176
2016-10-08,Sat,Oct,2016,92053.32577,81209.24835,2283,1,81209.24835,2283
2016-10-09,Sun,Oct,2016,51751.38325,45607.2341,1284,1,45607.2341,1284
2016-10-10,Mon,Oct,2016,50934.98319,44983.7773,1263,1,44983.7773,1263
2016-10-11,Tue,Oct,2016,36113.93487,31885.28845,896,1,31885.28845,896
2016-10-12,Wed,Oct,2016,31023.35977,27817.64247,768,1,27817.64247,768
2016-10-13,Thu,Oct,2016,22334.21253,19704.09315,521,1,19704.09315,521
2016-10-14,Fri,Oct,2016,69440.9288,62070.75118,1618,1,62070.75118,1618
2016-10-15,Sat,Oct,2016,92159.02979,83371.81702,2147,1,83371.81702,2147
2016-10-16,Sun,Oct,2016,57296.28785,52701.29461,1335,1,52701.29461,1335
2016-10-17,Mon,Oct,2016,57184.94127,51764.93737,1332,1,51764.93737,1332
2016-10-18,Tue,Oct,2016,40951.10428,37288.62455,954,1,37288.62455,954
2016-10-19,Wed,Oct,2016,37672.44729,33678.45927,877,1,33678.45927,877
2016-10-20,Thu,Oct,2016,38648.13752,35038.06869,906,1,35038.06869,906
2016-10-21,Fri,Oct,2016,96020.54537,86810.27753,2249,1,86810.27753,2249
2016-10-22,Sat,Oct,2016,105662.5942,95930.01651,2472,1,95930.01651,2472
2016-10-23,Sun,Oct,2016,54738.48352,49990.51929,1280,1,49990.51929,1280
2016-10-24,Mon,Oct,2016,40131.57351,36347.69872,940,1,36347.69872,940
2016-10-25,Tue,Oct,2016,70402.99193,63452.76104,1650,1,63452.76104,1650
2016-10-26,Wed,Oct,2016,62501.7407,56100.87429,1467,1,56100.87429,1467
2016-10-27,Thu,Oct,2016,53675.21828,48201.94098,1257,1,48201.94098,1257
2016-10-28,Fri,Oct,2016,102606.327,92657.69953,2405,1,92657.69953,2405
2016-10-29,Sat,Oct,2016,124988.1555,113187.846,2929,1,113187.846,2929
2016-10-30,Sun,Oct,2016,67521.03749,61233.71887,1582,1,61233.71887,1582
2016-10-31,Mon,Oct,2016,70020.59601,62316.15134,1639,1,62316.15134,1639
2016-11-01,Tue,Nov,2016,126954.1702,110698.7429,2971,1,110698.7429,2971
2016-11-02,Wed,Nov,2016,97558.24705,86203.8752,2284,1,86203.8752,2284
2016-11-03,Thu,Nov,2016,97039.00987,89413.41597,2266,1,89413.41597,2266
2016-11-04,Fri,Nov,2016,168349.2653,156675.5901,3938,1,156675.5901,3938
2016-11-05,Sat,Nov,2016,202017.422,189394.6937,4720,1,189394.6937,4720
2016-11-06,Sun,Nov,2016,108459.0001,102250.1678,2537,1,102250.1678,2537
2016-11-07,Mon,Nov,2016,112536.3771,105978.4825,2621,1,105978.4825,2621
2016-11-08,Tue,Nov,2016,100479.93,94692.47929,2341,1,94692.47929,2341
2016-11-09,Wed,Nov,2016,81649.68867,77081.66057,1901,1,77081.66057,1901
2016-11-10,Thu,Nov,2016,71529.16264,67551.25097,1666,1,67551.25097,1666
2016-11-11,Fri,Nov,2016,160938.6016,152555.4173,3748,1,152555.4173,3748
2016-11-12,Sat,Nov,2016,164998.8446,156263.1495,3843,1,156263.1495,3843
2016-11-13,Sun,Nov,2016,97946.78305,93112.60891,2281,1,93112.60891,2281
2016-11-14,Mon,Nov,2016,87834.25368,83068.26903,2046,1,83068.26903,2046
2016-11-15,Tue,Nov,2016,95509.13498,88104.20453,2181,1,88104.20453,2181
2016-11-16,Wed,Nov,2016,77229.97189,71428.87,1763,1,71428.87,1763
